"DateTime","Players","Average Players"
"2023-10-17 00:00:00",1533,1043
"2023-10-18 00:00:00",5429,3224
"2023-10-19 00:00:00",7154,4465
"2023-10-20 00:00:00",8305,5153
"2023-10-21 00:00:00",10231,6915
"2023-10-22 00:00:00",12266,8187
"2023-10-23 00:00:00",10789,6654
"2023-10-24 00:00:00",11204,6769
"2023-10-25 00:00:00",10915,6546
"2023-10-26 00:00:00",11161,6659
"2023-10-27 00:00:00",11094,6567
"2023-10-28 00:00:00",12950,8394
"2023-10-29 00:00:00",13617,9092
"2023-10-30 00:00:00",11636,7091
"2023-10-31 00:00:00",11613,6846
"2023-11-01 00:00:00",11708,7011
"2023-11-02 00:00:00",11159,6817
"2023-11-03 00:00:00",10927,6754
"2023-11-04 00:00:00",12657,8097
"2023-11-05 00:00:00",12502,8330
"2023-11-06 00:00:00",10494,6377
"2023-11-07 00:00:00",9760,5858
"2023-11-08 00:00:00",9134,5604
"2023-11-09 00:00:00",9292,5553
"2023-11-10 00:00:00",9353,5720
"2023-11-11 00:00:00",10785,6806
"2023-11-12 00:00:00",10621,6945
"2023-11-13 00:00:00",8454,5184
"2023-11-14 00:00:00",7942,4952
"2023-11-15 00:00:00",8065,4682
"2023-11-16 00:00:00",7833,4480
"2023-11-17 00:00:00",7424,4455
"2023-11-18 00:00:00",9106,5769
"2023-11-19 00:00:00",8842,5856
"2023-11-20 00:00:00",7211,4487
"2023-11-21 00:00:00",7163,4771
"2023-11-22 00:00:00",18315,11707
"2023-11-23 00:00:00",23037,15864
"2023-11-24 00:00:00",23762,16745
"2023-11-25 00:00:00",28836,20522
"2023-11-26 00:00:00",28793,20598
"2023-11-27 00:00:00",22442,15267
"2023-11-28 00:00:00",22791,14205
"2023-11-29 00:00:00",18025,11670
"2023-11-30 00:00:00",17456,11068
"2023-12-01 00:00:00",17379,10908
"2023-12-02 00:00:00",19743,13342
"2023-12-03 00:00:00",19436,13463
"2023-12-04 00:00:00",15670,9982
"2023-12-05 00:00:00",15592,9497
"2023-12-06 00:00:00",15148,9301
"2023-12-07 00:00:00",15848,9944
"2023-12-08 00:00:00",15960,10188
"2023-12-09 00:00:00",18784,12496
"2023-12-10 00:00:00",18858,13177
"2023-12-11 00:00:00",15288,10043
"2023-12-12 00:00:00",14562,9503
"2023-12-13 00:00:00",14431,9200
"2023-12-14 00:00:00",13400,8487
"2023-12-15 00:00:00",13276,8509
"2023-12-16 00:00:00",15045,10074
"2023-12-17 00:00:00",14464,10122
"2023-12-18 00:00:00",11527,7531
"2023-12-19 00:00:00",10892,7147
"2023-12-20 00:00:00",10347,6770
"2023-12-21 00:00:00",10448,6699
"2023-12-22 00:00:00",10839,7147
"2023-12-23 00:00:00",12869,8776
"2023-12-24 00:00:00",12550,8835
"2023-12-25 00:00:00",11928,7999
"2023-12-26 00:00:00",12169,8403
"2023-12-27 00:00:00",11650,8291
"2023-12-28 00:00:00",11413,8111
"2023-12-29 00:00:00",11545,8258
"2023-12-30 00:00:00",12532,9234
"2023-12-31 00:00:00",12114,8749
"2024-01-01 00:00:00",12198,8993
"2024-01-02 00:00:00",11319,7984
"2024-01-03 00:00:00",10603,7464
"2024-01-04 00:00:00",10423,7417
"2024-01-05 00:00:00",10678,7463
"2024-01-06 00:00:00",12208,8665
"2024-01-07 00:00:00",11815,8642
"2024-01-08 00:00:00",8801,6273
"2024-01-09 00:00:00",7995,5684
"2024-01-10 00:00:00",7287,5272
"2024-01-11 00:00:00",7045,4969
"2024-01-12 00:00:00",7073,5069
"2024-01-13 00:00:00",8912,5588
"2024-01-14 00:00:00",8754,6454
"2024-01-15 00:00:00",6295,4682
"2024-01-16 00:00:00",5779,4293
"2024-01-17 00:00:00",5380,4058
"2024-01-18 00:00:00",5154,3817
"2024-01-19 00:00:00",5314,3879
"2024-01-20 00:00:00",6537,4793
"2024-01-21 00:00:00",6474,4814
"2024-01-22 00:00:00",4344,3333
"2024-01-23 00:00:00",11272,4568
"2024-01-24 00:00:00",13773,9532
"2024-01-25 00:00:00",12745,8713
"2024-01-26 00:00:00",12710,8613
"2024-01-27 00:00:00",14665,10063
"2024-01-28 00:00:00",15343,10595
"2024-01-29 00:00:00",12113,8275
"2024-01-30 00:00:00",11884,7917
"2024-01-31 00:00:00",11134,7622
"2024-02-01 00:00:00",10864,7047
"2024-02-02 00:00:00",10429,6874
"2024-02-03 00:00:00",12589,8547
"2024-02-04 00:00:00",13010,8701
"2024-02-05 00:00:00",9627,6903
"2024-02-06 00:00:00",9028,6654
"2024-02-07 00:00:00",9560,7009
"2024-02-08 00:00:00",9583,7087
"2024-02-09 00:00:00",8924,7012
"2024-02-10 00:00:00",11523,8278
"2024-02-11 00:00:00",12412,8690
"2024-02-12 00:00:00",9709,7456
"2024-02-13 00:00:00",9675,7145
"2024-02-14 00:00:00",9409,6921
"2024-02-15 00:00:00",9723,7197
"2024-02-16 00:00:00",10395,7595
"2024-02-17 00:00:00",12278,8722
"2024-02-18 00:00:00",12663,8866
"2024-02-19 00:00:00",10154,7285
"2024-02-20 00:00:00",10098,6987
"2024-02-21 00:00:00",9518,6587
"2024-02-22 00:00:00",9070,6121
"2024-02-23 00:00:00",9104,6151
"2024-02-24 00:00:00",10221,7029
"2024-02-25 00:00:00",9983,7126
"2024-02-26 00:00:00",7646,5361
"2024-02-27 00:00:00",7382,5150
"2024-02-28 00:00:00",6966,4816
"2024-02-29 00:00:00",6919,4683
"2024-03-01 00:00:00",7063,4881
"2024-03-02 00:00:00",8184,5751
"2024-03-03 00:00:00",7900,5780
"2024-03-04 00:00:00",6128,4366
"2024-03-05 00:00:00",5919,3995
"2024-03-06 00:00:00",5604,3811
"2024-03-07 00:00:00",5378,3646
"2024-03-08 00:00:00",5606,3774
"2024-03-09 00:00:00",6625,4525
"2024-03-10 00:00:00",6450,4532
"2024-03-11 00:00:00",4765,3362
"2024-03-12 00:00:00",4685,3021
"2024-03-13 00:00:00",4237,2842
"2024-03-14 00:00:00",4199,2945
"2024-03-15 00:00:00",5252,3547
"2024-03-16 00:00:00",7502,5171
"2024-03-17 00:00:00",8428,5971
"2024-03-18 00:00:00",6799,4656
"2024-03-19 00:00:00",6897,4652
"2024-03-20 00:00:00",6885,4676
"2024-03-21 00:00:00",7123,4765
"2024-03-22 00:00:00",7431,4967
"2024-03-23 00:00:00",8789,6014
"2024-03-24 00:00:00",8815,6195
"2024-03-25 00:00:00",6436,4432
"2024-03-26 00:00:00",6129,3909
"2024-03-27 00:00:00",5823,3827
"2024-03-28 00:00:00",5965,3955
"2024-03-29 00:00:00",6720,4447
"2024-03-30 00:00:00",7189,4936
"2024-03-31 00:00:00",7037,5023
"2024-04-01 00:00:00",6467,4173
"2024-04-02 00:00:00",5468,3685
"2024-04-03 00:00:00",5338,3571
"2024-04-04 00:00:00",5024,3377
"2024-04-05 00:00:00",5253,3717
"2024-04-06 00:00:00",5997,4173
"2024-04-07 00:00:00",6199,4145
"2024-04-08 00:00:00",4757,3192
"2024-04-09 00:00:00",4585,3047
"2024-04-10 00:00:00",4361,2972
"2024-04-11 00:00:00",4166,2769
"2024-04-12 00:00:00",4315,2842
"2024-04-13 00:00:00",5176,3533
"2024-04-14 00:00:00",5221,3588
"2024-04-15 00:00:00",4046,2684
"2024-04-16 00:00:00",3978,2579
"2024-04-17 00:00:00",3683,2513
"2024-04-18 00:00:00",3621,2499
"2024-04-19 00:00:00",4840,3159
"2024-04-20 00:00:00",7062,4672
"2024-04-21 00:00:00",7981,5459
"2024-04-22 00:00:00",6770,4329
"2024-04-23 00:00:00",7083,4419
"2024-04-24 00:00:00",7096,4431
"2024-04-25 00:00:00",7143,4534
"2024-04-26 00:00:00",7395,4741
"2024-04-27 00:00:00",8651,5866
"2024-04-28 00:00:00",9456,6122
"2024-04-29 00:00:00",7643,5016
"2024-04-30 00:00:00",7544,5034
"2024-05-01 00:00:00",8632,5946
"2024-05-02 00:00:00",7783,5373
"2024-05-03 00:00:00",8092,5521
"2024-05-04 00:00:00",8988,6062
"2024-05-05 00:00:00",8883,6040
"2024-05-06 00:00:00",6990,4469
"2024-05-07 00:00:00",6359,4031
"2024-05-08 00:00:00",5943,3764
"2024-05-09 00:00:00",5771,3677
"2024-05-10 00:00:00",5477,3519
"2024-05-11 00:00:00",6104,3927
"2024-05-12 00:00:00",5729,4069
"2024-05-13 00:00:00",4318,2892
"2024-05-14 00:00:00",14807,5136
"2024-05-15 00:00:00",24122,15135
"2024-05-16 00:00:00",25043,15385
"2024-05-17 00:00:00",24952,15629
"2024-05-18 00:00:00",28364,18952
"2024-05-19 00:00:00",29035,19953
"2024-05-20 00:00:00",26122,16249
"2024-05-21 00:00:00",24832,15541
"2024-05-22 00:00:00",23832,15105
"2024-05-23 00:00:00",22702,14194
"2024-05-24 00:00:00",23259,14570
"2024-05-25 00:00:00",25547,17123
"2024-05-26 00:00:00",25313,17571
"2024-05-27 00:00:00",23019,14742
"2024-05-28 00:00:00",21857,13568
"2024-05-29 00:00:00",21463,13400
"2024-05-30 00:00:00",21850,13762
"2024-05-31 00:00:00",21789,13951
"2024-06-01 00:00:00",23563,15916
"2024-06-02 00:00:00",28727,19073
"2024-06-03 00:00:00",27534,17019
"2024-06-04 00:00:00",29173,17904
"2024-06-05 00:00:00",29691,18303
"2024-06-06 00:00:00",30929,19427
"2024-06-07 00:00:00",34310,21593
"2024-06-08 00:00:00",38981,26270
"2024-06-09 00:00:00",39782,26537
"2024-06-10 00:00:00",35111,23148
"2024-06-11 00:00:00",35032,21528
"2024-06-12 00:00:00",34129,20712
"2024-06-13 00:00:00",31437,18975
"2024-06-14 00:00:00",31602,19721
"2024-06-15 00:00:00",34357,23130
"2024-06-16 00:00:00",33134,23070
"2024-06-17 00:00:00",28778,17804
"2024-06-18 00:00:00",29199,17816
"2024-06-19 00:00:00",28030,17667
"2024-06-20 00:00:00",26767,16835
"2024-06-21 00:00:00",25932,16580
"2024-06-22 00:00:00",27888,19015
"2024-06-23 00:00:00",26979,18972
"2024-06-24 00:00:00",19718,11319
"2024-06-25 00:00:00",22465,14186
"2024-06-26 00:00:00",20559,13297
"2024-06-27 00:00:00",19162,12499
"2024-06-28 00:00:00",18351,12019
"2024-06-29 00:00:00",19884,13795
"2024-06-30 00:00:00",19190,13829
"2024-07-01 00:00:00",16393,10842
"2024-07-02 00:00:00",15311,10214
"2024-07-03 00:00:00",14430,9783
"2024-07-04 00:00:00",14159,9624
"2024-07-05 00:00:00",13214,8787
"2024-07-06 00:00:00",14433,10224
"2024-07-07 00:00:00",14185,10342
"2024-07-08 00:00:00",11683,8027
"2024-07-09 00:00:00",11143,7570
"2024-07-10 00:00:00",10379,6722
"2024-07-11 00:00:00",9482,6196
"2024-07-12 00:00:00",9893,6760
"2024-07-13 00:00:00",10844,7830
"2024-07-14 00:00:00",10875,7917
"2024-07-15 00:00:00",8976,6288
"2024-07-16 00:00:00",8547,5962
"2024-07-17 00:00:00",8275,5634
"2024-07-18 00:00:00",7555,5075
"2024-07-19 00:00:00",7654,5172
"2024-07-20 00:00:00",8565,6069
"2024-07-21 00:00:00",8820,6289
"2024-07-22 00:00:00",7166,4904
"2024-07-23 00:00:00",7050,4809
"2024-07-24 00:00:00",6872,4730
"2024-07-25 00:00:00",6545,4537
"2024-07-26 00:00:00",6476,4409
"2024-07-27 00:00:00",7269,5111
"2024-07-28 00:00:00",7313,5322
"2024-07-29 00:00:00",5987,4129
"2024-07-30 00:00:00",5811,3988
"2024-07-31 00:00:00",5382,3760
"2024-08-01 00:00:00",5041,3570
"2024-08-02 00:00:00",5143,3587
"2024-08-03 00:00:00",6021,4298
"2024-08-04 00:00:00",6153,4575
"2024-08-05 00:00:00",5008,3585
"2024-08-06 00:00:00",15711,6015
"2024-08-07 00:00:00",26274,17384
"2024-08-08 00:00:00",27595,18617
"2024-08-09 00:00:00",29453,19827
"2024-08-10 00:00:00",32567,23079
"2024-08-11 00:00:00",33717,24120
"2024-08-12 00:00:00",31366,20532
"2024-08-13 00:00:00",30809,20018
"2024-08-14 00:00:00",29242,18880
"2024-08-15 00:00:00",26577,17242
"2024-08-16 00:00:00",27427,17894
"2024-08-17 00:00:00",29350,20608
"2024-08-18 00:00:00",28950,20698
"2024-08-19 00:00:00",24745,16507
"2024-08-20 00:00:00",20908,14093
"2024-08-21 00:00:00",19452,13224
"2024-08-22 00:00:00",26961,18050
"2024-08-23 00:00:00",26027,18548
"2024-08-24 00:00:00",30146,21844
"2024-08-25 00:00:00",32547,24153
"2024-08-26 00:00:00",27334,19742
"2024-08-27 00:00:00",26529,19101
"2024-08-28 00:00:00",25916,18443
"2024-08-29 00:00:00",24944,17679
"2024-08-30 00:00:00",25566,17919
"2024-08-31 00:00:00",28630,20929
"2024-09-01 00:00:00",29599,21821
"2024-09-02 00:00:00",25799,18562
"2024-09-03 00:00:00",23003,15288
"2024-09-04 00:00:00",20379,13648
"2024-09-05 00:00:00",19271,13666
"2024-09-06 00:00:00",18874,12962
"2024-09-07 00:00:00",21288,14821
"2024-09-08 00:00:00",21381,15643
"2024-09-09 00:00:00",16731,11824
"2024-09-10 00:00:00",15715,11032
"2024-09-11 00:00:00",15027,10568
"2024-09-12 00:00:00",14413,10073
"2024-09-13 00:00:00",14456,10185
"2024-09-14 00:00:00",16274,11521
"2024-09-15 00:00:00",16798,12267
"2024-09-16 00:00:00",13517,10269
"2024-09-17 00:00:00",12688,9559
"2024-09-18 00:00:00",12348,8863
"2024-09-19 00:00:00",12027,8519
"2024-09-20 00:00:00",12250,8679
"2024-09-21 00:00:00",13553,10012
"2024-09-22 00:00:00",13705,9961
"2024-09-23 00:00:00",10810,7772
"2024-09-24 00:00:00",10339,7276
"2024-09-25 00:00:00",9579,6827
"2024-09-26 00:00:00",9468,6732
"2024-09-27 00:00:00",9404,6807
"2024-09-28 00:00:00",10932,7901
"2024-09-29 00:00:00",11180,7876
"2024-09-30 00:00:00",8822,6371
"2024-10-01 00:00:00",8126,6235
"2024-10-02 00:00:00",7883,5978
"2024-10-03 00:00:00",9003,6703
"2024-10-04 00:00:00",9810,7365
"2024-10-05 00:00:00",12860,9346
"2024-10-06 00:00:00",14945,10622
"2024-10-07 00:00:00",10852,8086
"2024-10-08 00:00:00",46014,25809
"2024-10-09 00:00:00",47688,31598
"2024-10-10 00:00:00",49456,32686
"2024-10-11 00:00:00",50374,32912
"2024-10-12 00:00:00",54463,36864
"2024-10-13 00:00:00",55561,39541
"2024-10-14 00:00:00",46906,30849
"2024-10-15 00:00:00",41874,26721
"2024-10-16 00:00:00",40520,26375
"2024-10-17 00:00:00",37994,24221
"2024-10-18 00:00:00",38832,25722
"2024-10-19 00:00:00",43793,30918
"2024-10-20 00:00:00",42871,30618
"2024-10-21 00:00:00",34900,22884
"2024-10-22 00:00:00",33477,22197
"2024-10-23 00:00:00",31938,21169
"2024-10-24 00:00:00",28991,18730
"2024-10-25 00:00:00",27910,18738
"2024-10-26 00:00:00",30761,21533
"2024-10-27 00:00:00",29496,21369
"2024-10-28 00:00:00",23784,16165
"2024-10-29 00:00:00",22322,14552
"2024-10-30 00:00:00",19896,12918
"2024-10-31 00:00:00",19810,13064
"2024-11-01 00:00:00",20656,13532
"2024-11-02 00:00:00",22130,15583
"2024-11-03 00:00:00",22460,16105
"2024-11-04 00:00:00",18328,12650
"2024-11-05 00:00:00",16910,11464
"2024-11-06 00:00:00",14968,10146
"2024-11-07 00:00:00",14652,10014
"2024-11-08 00:00:00",15002,10236
"2024-11-09 00:00:00",17737,12553
"2024-11-10 00:00:00",17230,12689
"2024-11-11 00:00:00",13842,9687
"2024-11-12 00:00:00",11868,8069
"2024-11-13 00:00:00",11267,7753
"2024-11-14 00:00:00",10872,7586
"2024-11-15 00:00:00",11158,7826
"2024-11-16 00:00:00",13187,9397
"2024-11-17 00:00:00",13789,9879
"2024-11-18 00:00:00",10302,7244
"2024-11-19 00:00:00",10041,6835
"2024-11-20 00:00:00",11763,7615
"2024-11-21 00:00:00",9847,6971
"2024-11-22 00:00:00",10029,7076
"2024-11-23 00:00:00",14475,10152
"2024-11-24 00:00:00",16607,11876
"2024-11-25 00:00:00",13727,9331
"2024-11-26 00:00:00",13952,9462
"2024-11-27 00:00:00",14093,9523
"2024-11-28 00:00:00",14339,9600
"2024-11-29 00:00:00",14774,10067
"2024-11-30 00:00:00",17316,12233
"2024-12-01 00:00:00",18021,12895
"2024-12-02 00:00:00",14345,9641
"2024-12-03 00:00:00",14319,9492
"2024-12-04 00:00:00",13846,9125
"2024-12-05 00:00:00",13628,8811
"2024-12-06 00:00:00",12714,8318
"2024-12-07 00:00:00",14715,10090
"2024-12-08 00:00:00",14152,10160
"2024-12-09 00:00:00",10971,7435
"2024-12-10 00:00:00",10423,6891
"2024-12-11 00:00:00",9908,6504
"2024-12-12 00:00:00",9498,6228
"2024-12-13 00:00:00",9634,6351
"2024-12-14 00:00:00",10984,7591
"2024-12-15 00:00:00",11113,7848
"2024-12-16 00:00:00",8490,5847
"2024-12-17 00:00:00",8136,5654
"2024-12-18 00:00:00",8354,5714
"2024-12-19 00:00:00",8062,5538
"2024-12-20 00:00:00",8787,6051
"2024-12-21 00:00:00",11307,7929
"2024-12-22 00:00:00",12114,8631
"2024-12-23 00:00:00",10510,7139
"2024-12-24 00:00:00",10558,6997
"2024-12-25 00:00:00",10738,7470
"2024-12-26 00:00:00",11258,7782
"2024-12-27 00:00:00",10948,7801
"2024-12-28 00:00:00",12280,8909
"2024-12-29 00:00:00",12601,9364
"2024-12-30 00:00:00",11030,7965
"2024-12-31 00:00:00",10964,7499
"2025-01-01 00:00:00",11679,8702
"2025-01-02 00:00:00",10945,7818
"2025-01-03 00:00:00",10615,7521
"2025-01-04 00:00:00",11225,8256
"2025-01-05 00:00:00",10937,8168
"2025-01-06 00:00:00",8702,6217
"2025-01-07 00:00:00",7623,5501
"2025-01-08 00:00:00",7296,5103
"2025-01-09 00:00:00",6550,4811
"2025-01-10 00:00:00",6660,4884
"2025-01-11 00:00:00",8073,6040
"2025-01-12 00:00:00",8252,6154
"2025-01-13 00:00:00",5696,4296
"2025-01-14 00:00:00",5400,4016
"2025-01-15 00:00:00",5171,3857
"2025-01-16 00:00:00",4849,3700
"2025-01-17 00:00:00",4918,3752
"2025-01-18 00:00:00",6201,4651
"2025-01-19 00:00:00",6448,4814
"2025-01-20 00:00:00",4691,3582
"2025-01-21 00:00:00",15975,5606
"2025-01-22 00:00:00",24239,16440
"2025-01-23 00:00:00",24146,16698
"2025-01-24 00:00:00",27654,19290
"2025-01-25 00:00:00",34472,24529
"2025-01-26 00:00:00",37344,26033
"2025-01-27 00:00:00",28356,21420
"2025-01-28 00:00:00",25423,19128
"2025-01-29 00:00:00",24648,18243
"2025-01-30 00:00:00",24532,18017
"2025-01-31 00:00:00",24763,18333
"2025-02-01 00:00:00",28077,20099
"2025-02-02 00:00:00",28270,20219
"2025-02-03 00:00:00",22110,16363
"2025-02-04 00:00:00",21159,14879
"2025-02-05 00:00:00",21114,13691
"2025-02-06 00:00:00",20894,13896
"2025-02-07 00:00:00",20660,13946
"2025-02-08 00:00:00",23251,15930
"2025-02-09 00:00:00",23134,16537
"2025-02-10 00:00:00",18548,12452
"2025-02-11 00:00:00",17883,12053
"2025-02-12 00:00:00",16698,11381
"2025-02-13 00:00:00",16069,10961
"2025-02-14 00:00:00",15708,10773
"2025-02-15 00:00:00",18429,13020
"2025-02-16 00:00:00",18052,13103
"2025-02-17 00:00:00",14815,10240
"2025-02-18 00:00:00",14145,9228
"2025-02-19 00:00:00",13329,8830
"2025-02-20 00:00:00",13102,8978
"2025-02-21 00:00:00",12954,9041
"2025-02-22 00:00:00",14789,10766
"2025-02-23 00:00:00",14882,10896
"2025-02-24 00:00:00",11692,8251
"2025-02-25 00:00:00",11285,7898
"2025-02-26 00:00:00",10635,7470
"2025-02-27 00:00:00",10290,7230
"2025-02-28 00:00:00",10101,7172
"2025-03-01 00:00:00",11503,8186
"2025-03-02 00:00:00",11332,8408
"2025-03-03 00:00:00",9122,6632
"2025-03-04 00:00:00",8812,6160
"2025-03-05 00:00:00",8823,6139
"2025-03-06 00:00:00",8605,6367
"2025-03-07 00:00:00",8797,6409
"2025-03-08 00:00:00",9969,7425
"2025-03-09 00:00:00",9962,7560
"2025-03-10 00:00:00",8044,5903
"2025-03-11 00:00:00",6963,5132
"2025-03-12 00:00:00",7178,5191
"2025-03-13 00:00:00",7022,5113
"2025-03-14 00:00:00",8284,5773
"2025-03-15 00:00:00",11048,7902
"2025-03-16 00:00:00",12281,8811
"2025-03-17 00:00:00",10538,7076
"2025-03-18 00:00:00",10807,6883
"2025-03-19 00:00:00",10890,6882
"2025-03-20 00:00:00",11209,7482
"2025-03-21 00:00:00",11358,7697
"2025-03-22 00:00:00",12948,9039
"2025-03-23 00:00:00",12986,9241
"2025-03-24 00:00:00",10236,6959
"2025-03-25 00:00:00",9832,6608
"2025-03-26 00:00:00",9188,6198
"2025-03-27 00:00:00",8707,5891
"2025-03-28 00:00:00",8762,5967
"2025-03-29 00:00:00",9910,7098
"2025-03-30 00:00:00",10029,7093
"2025-03-31 00:00:00",8004,5472
"2025-04-01 00:00:00",7758,5265
"2025-04-02 00:00:00",7244,4925
"2025-04-03 00:00:00",6862,4826
"2025-04-04 00:00:00",6880,5030
"2025-04-05 00:00:00",7704,5583
"2025-04-06 00:00:00",7969,5739
"2025-04-07 00:00:00",6243,4401
"2025-04-08 00:00:00",6015,4201
"2025-04-09 00:00:00",5942,4076
"2025-04-10 00:00:00",5718,3970
"2025-04-11 00:00:00",5863,4119
"2025-04-12 00:00:00",6761,4993
"2025-04-13 00:00:00",7042,5109
"2025-04-14 00:00:00",5421,3892
"2025-04-15 00:00:00",6276,4239
"2025-04-16 00:00:00",6673,4580
"2025-04-17 00:00:00",7162,4903
"2025-04-18 00:00:00",8350,5610
"2025-04-19 00:00:00",9327,6604
"2025-04-20 00:00:00",9994,7163
"2025-04-21 00:00:00",10023,6425
"2025-04-22 00:00:00",9210,5914
"2025-04-23 00:00:00",9207,5857
"2025-04-24 00:00:00",9080,5814
"2025-04-25 00:00:00",9467,6153
"2025-04-26 00:00:00",10625,7347
"2025-04-27 00:00:00",11117,7248
"2025-04-28 00:00:00",8715,5760
"2025-04-29 00:00:00",18820,7939
"2025-04-30 00:00:00",31425,20416
"2025-05-01 00:00:00",35201,23898
"2025-05-02 00:00:00",34641,22944
"2025-05-03 00:00:00",35768,23491
"2025-05-04 00:00:00",37560,24888
"2025-05-05 00:00:00",31967,22019
"2025-05-06 00:00:00",31135,19629
"2025-05-07 00:00:00",30684,18920
"2025-05-08 00:00:00",30462,18552
"2025-05-09 00:00:00",29586,18290
"2025-05-10 00:00:00",31543,21014
"2025-05-11 00:00:00",29523,20511
"2025-05-12 00:00:00",25070,15914
"2025-05-13 00:00:00",23781,15161
"2025-05-14 00:00:00",22611,13620
"2025-05-15 00:00:00",21819,13677
"2025-05-16 00:00:00",21608,14264
"2025-05-17 00:00:00",23570,16253
"2025-05-18 00:00:00",22787,16091
"2025-05-19 00:00:00",19150,12572
"2025-05-20 00:00:00",17606,11601
"2025-05-21 00:00:00",16600,11350
"2025-05-22 00:00:00",16124,10997
"2025-05-23 00:00:00",16098,11036
"2025-05-24 00:00:00",17392,12410
"2025-05-25 00:00:00",16819,12403
"2025-05-26 00:00:00",14618,10276
"2025-05-27 00:00:00",13277,8868
"2025-05-28 00:00:00",12436,8207
"2025-05-29 00:00:00",12469,8839
"2025-05-30 00:00:00",12811,8929
"2025-05-31 00:00:00",14771,10673
"2025-06-01 00:00:00",15534,11120
"2025-06-02 00:00:00",13613,9810
"2025-06-03 00:00:00",13597,9175
"2025-06-04 00:00:00",14024,9333
"2025-06-05 00:00:00",13719,9073
"2025-06-06 00:00:00",13454,9201
"2025-06-07 00:00:00",15378,10691
"2025-06-08 00:00:00",15539,11109
"2025-06-09 00:00:00",13652,9053
"2025-06-10 00:00:00",12476,8333
"2025-06-11 00:00:00",11769,7621
"2025-06-12 00:00:00",11443,7170
"2025-06-13 00:00:00",11628,7861
"2025-06-14 00:00:00",12408,8719
"2025-06-15 00:00:00",11478,8078
"2025-06-16 00:00:00",9137,6111
"2025-06-17 00:00:00",8629,5746
"2025-06-18 00:00:00",7909,5372
"2025-06-19 00:00:00",7841,5266
"2025-06-20 00:00:00",6906,4819
"2025-06-21 00:00:00",7660,5476
"2025-06-22 00:00:00",7574,5508
"2025-06-23 00:00:00",5795,4088
"2025-06-24 00:00:00",5521,3813
"2025-06-25 00:00:00",5098,3550
"2025-06-26 00:00:00",4641,3346
"2025-06-27 00:00:00",5264,3637
"2025-06-28 00:00:00",6382,4522
"2025-06-29 00:00:00",6782,4903
"2025-06-30 00:00:00",5440,3674
"2025-07-01 00:00:00",17078,6470
"2025-07-02 00:00:00",28548,17580
"2025-07-03 00:00:00",29424,18957
"2025-07-04 00:00:00",31070,20032
"2025-07-05 00:00:00",33695,23235
"2025-07-06 00:00:00",34688,24383
"2025-07-07 00:00:00",30541,19635
"2025-07-08 00:00:00",29416,18893
"2025-07-09 00:00:00",27982,18040
"2025-07-10 00:00:00",26638,17152
"2025-07-11 00:00:00",25449,16980
"2025-07-12 00:00:00",27290,19049
"2025-07-13 00:00:00",26604,19226
"2025-07-14 00:00:00",22402,14997
"2025-07-15 00:00:00",21178,13858
"2025-07-16 00:00:00",20005,12465
"2025-07-17 00:00:00",19193,13005
"2025-07-18 00:00:00",18636,12806
"2025-07-19 00:00:00",20500,14654
"2025-07-20 00:00:00",20276,14727
"2025-07-21 00:00:00",16931,11633
"2025-07-22 00:00:00",15744,10909
"2025-07-23 00:00:00",14827,10246
"2025-07-24 00:00:00",14079,9703
"2025-07-25 00:00:00",13864,9626
"2025-07-26 00:00:00",14596,10520
"2025-07-27 00:00:00",15155,10953
"2025-07-28 00:00:00",12156,8614
"2025-07-29 00:00:00",11890,8060
"2025-07-30 00:00:00",12103,8134
"2025-07-31 00:00:00",11654,8227
"2025-08-01 00:00:00",11668,8264
"2025-08-02 00:00:00",14656,10439
"2025-08-03 00:00:00",16443,11951
"2025-08-04 00:00:00",14347,10019
"2025-08-05 00:00:00",14547,10029
"2025-08-06 00:00:00",14655,10107
"2025-08-07 00:00:00",14203,9728
"2025-08-08 00:00:00",14465,9970
"2025-08-09 00:00:00",16602,11850
"2025-08-10 00:00:00",17868,12797
"2025-08-11 00:00:00",15568,10528
"2025-08-12 00:00:00",15782,10525
"2025-08-13 00:00:00",15247,10178
"2025-08-14 00:00:00",14738,9860
"2025-08-15 00:00:00",15951,10872
"2025-08-16 00:00:00",17662,12420
"2025-08-17 00:00:00",17651,12607
"2025-08-18 00:00:00",14399,9667
"2025-08-19 00:00:00",13702,9208
"2025-08-20 00:00:00",12866,8712
"2025-08-21 00:00:00",12349,8360
"2025-08-22 00:00:00",12153,8232
"2025-08-23 00:00:00",13663,9633
"2025-08-24 00:00:00",13806,9870
"2025-08-25 00:00:00",10894,7444
"2025-08-26 00:00:00",10236,7062
"2025-08-27 00:00:00",9973,6830
"2025-08-28 00:00:00",9395,6432
"2025-08-29 00:00:00",9371,6433
"2025-08-30 00:00:00",10155,7131
"2025-08-31 00:00:00",10140,7268
"2025-09-01 00:00:00",8157,5788
"2025-09-02 00:00:00",7523,5234
"2025-09-03 00:00:00",7155,4918
"2025-09-04 00:00:00",6674,4724
"2025-09-05 00:00:00",6880,4800
"2025-09-06 00:00:00",7957,5724
"2025-09-07 00:00:00",8017,5790
"2025-09-08 00:00:00",6089,4265
"2025-09-09 00:00:00",5863,4039
"2025-09-10 00:00:00",5522,3835
"2025-09-11 00:00:00",5296,3661
"2025-09-12 00:00:00",5049,3668
"2025-09-13 00:00:00",6180,4354
"2025-09-14 00:00:00",6392,4564
"2025-09-15 00:00:00",4343,3173
"2025-09-16 00:00:00",4089,2942
"2025-09-17 00:00:00",3931,2841
"2025-09-18 00:00:00",3823,2758
"2025-09-19 00:00:00",4049,2812
"2025-09-20 00:00:00",4709,3446
"2025-09-21 00:00:00",5064,3643
"2025-09-22 00:00:00",3566,2654
"2025-09-23 00:00:00",16751,5508
"2025-09-24 00:00:00",31781,19365
"2025-09-25 00:00:00",34222,21469
"2025-09-26 00:00:00",38755,24815
"2025-09-27 00:00:00",45691,30999
"2025-09-28 00:00:00",49001,31268
"2025-09-29 00:00:00",40876,26362
"2025-09-30 00:00:00",38699,25699
"2025-10-01 00:00:00",36202,25859
"2025-10-02 00:00:00",34121,24800
"2025-10-03 00:00:00",34119,24457
"2025-10-04 00:00:00",37967,26803
"2025-10-05 00:00:00",39798,27612
"2025-10-06 00:00:00",32069,23020
"2025-10-07 00:00:00",31709,21012
"2025-10-08 00:00:00",30610,21136
"2025-10-09 00:00:00",30186,19839
"2025-10-10 00:00:00",29600,19294
"2025-10-11 00:00:00",31104,20842
"2025-10-12 00:00:00",30636,21678
"2025-10-13 00:00:00",24753,16800
"2025-10-14 00:00:00",23121,15212
"2025-10-15 00:00:00",21227,14124
"2025-10-16 00:00:00",20381,13744
"2025-10-17 00:00:00",20812,14098
"2025-10-18 00:00:00",23072,16124
"2025-10-19 00:00:00",22628,16081
"2025-10-20 00:00:00",18006,12492
"2025-10-21 00:00:00",17285,11277
"2025-10-22 00:00:00",15331,10226
"2025-10-23 00:00:00",15382,10505
"2025-10-24 00:00:00",15178,10758
"2025-10-25 00:00:00",17240,12149
"2025-10-26 00:00:00",16897,12254
"2025-10-27 00:00:00",13170,9574
"2025-10-28 00:00:00",12510,9003
"2025-10-29 00:00:00",11978,8193
"2025-10-30 00:00:00",11365,8245
"2025-10-31 00:00:00",11367,8037
"2025-11-01 00:00:00",12685,8975
"2025-11-02 00:00:00",13004,9614
"2025-11-03 00:00:00",10574,7765
"2025-11-04 00:00:00",10134,7409
"2025-11-05 00:00:00",9175,6848
"2025-11-06 00:00:00",8209,6321
"2025-11-07 00:00:00",8666,6555
"2025-11-08 00:00:00",10234,7700
"2025-11-09 00:00:00",10500,7952
"2025-11-10 00:00:00",8438,6386
"2025-11-11 00:00:00",8347,6293
"2025-11-12 00:00:00",7733,5608
"2025-11-13 00:00:00",6999,5059
"2025-11-14 00:00:00",6571,5044
"2025-11-15 00:00:00",7784,5949
"2025-11-16 00:00:00",8030,6110
"2025-11-17 00:00:00",5842,4594
"2025-11-18 00:00:00",5474,4167
"2025-11-19 00:00:00",5101,3946
"2025-11-20 00:00:00",6243,4481
"2025-11-21 00:00:00",7266,5113
"2025-11-22 00:00:00",9179,6696
"2025-11-23 00:00:00",10462,7566
"2025-11-24 00:00:00",8312,5946
"2025-11-25 00:00:00",8219,5878
"2025-11-26 00:00:00",8393,5990
"2025-11-27 00:00:00",8656,6183
"2025-11-28 00:00:00",8877,6370
"2025-11-29 00:00:00",10548,7875
"2025-11-30 00:00:00",11605,8552
"2025-12-01 00:00:00",8816,6496
"2025-12-02 00:00:00",8742,6287
"2025-12-03 00:00:00",8200,6050
"2025-12-04 00:00:00",7793,5703
"2025-12-05 00:00:00",7675,5574
"2025-12-06 00:00:00",8563,6303
"2025-12-07 00:00:00",8729,6438
"2025-12-08 00:00:00",6253,4615
"2025-12-09 00:00:00",5548,4172
"2025-12-10 00:00:00",5075,3839
"2025-12-11 00:00:00",4626,3565
"2025-12-12 00:00:00",30700,17912
"2025-12-13 00:00:00",38275,28038
"2025-12-14 00:00:00",41442,30563
"2025-12-15 00:00:00",35681,25151
"2025-12-16 00:00:00",34856,24388
"2025-12-17 00:00:00",34227,24022
"2025-12-18 00:00:00",30240,20918
"2025-12-19 00:00:00",31101,21526
"2025-12-20 00:00:00",34270,25518
"2025-12-21 00:00:00",34556,26177
"2025-12-22 00:00:00",29695,21227
"2025-12-23 00:00:00",28299,20322
"2025-12-24 00:00:00",27499,19640
"2025-12-25 00:00:00",25751,19624
"2025-12-26 00:00:00",26874,19786
"2025-12-27 00:00:00",27929,21464
"2025-12-28 00:00:00",28492,21975
"2025-12-29 00:00:00",23648,18159
"2025-12-30 00:00:00",23088,17748
"2025-12-31 00:00:00",22906,16885
"2026-01-01 00:00:00",24437,18718
"2026-01-02 00:00:00",23837,18960
"2026-01-03 00:00:00",24436,19356
"2026-01-04 00:00:00",24486,18814
"2026-01-05 00:00:00",20054,15455
"2026-01-06 00:00:00",20333,15036
"2026-01-07 00:00:00",17335,13135
"2026-01-08 00:00:00",16488,12495
"2026-01-09 00:00:00",16889,12608
"2026-01-10 00:00:00",19089,14588
"2026-01-11 00:00:00",19307,14807
"2026-01-12 00:00:00",14508,10871
"2026-01-13 00:00:00",14028,9803
"2026-01-14 00:00:00",13694,10366
"2026-01-15 00:00:00",13016,10034
"2026-01-16 00:00:00",13826,10353
"2026-01-17 00:00:00",16015,12308
"2026-01-18 00:00:00",16487,12580
"2026-01-19 00:00:00",12646,9946
"2026-01-20 00:00:00",11718,9191
"2026-01-21 00:00:00",11642,8751
"2026-01-22 00:00:00",10607,8250
"2026-01-23 00:00:00",11148,8462
"2026-01-24 00:00:00",12801,10003
"2026-01-25 00:00:00",13404,10323
"2026-01-26 00:00:00",9872,7931
"2026-01-27 00:00:00",9265,7203
"2026-01-28 00:00:00",8970,6584
"2026-01-29 00:00:00",8257,5848
"2026-01-30 00:00:00",8817,6757
"2026-01-31 00:00:00",10580,8105
"2026-02-01 00:00:00",10571,8240
"2026-02-02 00:00:00",7674,6155
"2026-02-03 00:00:00",7332,5793
"2026-02-04 00:00:00",7074,5559
"2026-02-05 00:00:00",6883,5460
"2026-02-06 00:00:00",7017,5472
"2026-02-07 00:00:00",8519,6607
"2026-02-08 00:00:00",8830,6918
"2026-02-09 00:00:00",6404,5117
"2026-02-10 00:00:00",6384,5004
"2026-02-11 00:00:00",6372,5102
"2026-02-12 00:00:00",6807,5384
"2026-02-13 00:00:00",7691,6022
"2026-02-14 00:00:00",9770,7418
"2026-02-15 00:00:00",11047,8213
"2026-02-16 00:00:00",9165,6912
"2026-02-17 00:00:00",8618,6648
"2026-02-18 00:00:00",8109,6470
"2026-02-19 00:00:00",7940,6349
"2026-02-20 00:00:00",8173,6404
"2026-02-21 00:00:00",10239,7990
"2026-02-22 00:00:00",11100,8713
"2026-02-23 00:00:00",8653,7042
"2026-02-24 00:00:00",8010,6146
"2026-02-25 00:00:00",7522,5759
"2026-02-26 00:00:00",7169,5489
"2026-02-27 00:00:00",6709,5292
"2026-02-28 00:00:00",8206,6329
"2026-03-01 00:00:00",8653,6673
"2026-03-02 00:00:00",6296,4803
"2026-03-03 00:00:00",5839,4401
"2026-03-04 00:00:00",5438,4169
"2026-03-05 00:00:00",5068,3945
"2026-03-06 00:00:00",5492,4184
"2026-03-07 00:00:00",6602,5205
"2026-03-08 00:00:00",6825,5461
"2026-03-09 00:00:00",5306,4101
"2026-03-10 00:00:00",4683,3487
"2026-03-11 00:00:00",18665,6338
"2026-03-12 00:00:00",21864,15710
"2026-03-13 00:00:00",23706,16755
"2026-03-14 00:00:00",28013,20312
"2026-03-15 00:00:00",28420,20851
"2026-03-16 00:00:00",21668,15664
"2026-03-17 00:00:00",19524,14019
"2026-03-18 00:00:00",18223,13199
"2026-03-19 00:00:00",16973,12444
"2026-03-20 00:00:00",17013,12352
"2026-03-21 00:00:00",19610,14851
"2026-03-22 00:00:00",20267,15171
"2026-03-23 00:00:00",15050,11350
"2026-03-24 00:00:00",9486,10551
"2026-03-24 01:00:00",10392,
"2026-03-24 02:00:00",10453,
"2026-03-24 03:00:00",10062,
"2026-03-24 04:00:00",9289,
"2026-03-24 05:00:00",8790,
"2026-03-24 06:00:00",8298,
"2026-03-24 07:00:00",8597,
"2026-03-24 08:00:00",9125,
"2026-03-24 09:00:00",9479,
"2026-03-24 10:00:00",10449,
"2026-03-24 11:00:00",11821,
"2026-03-24 12:00:00",13110,
"2026-03-24 13:00:00",14008,
"2026-03-24 14:00:00",14229,
"2026-03-24 15:00:00",14052,
"2026-03-24 16:00:00",13748,
"2026-03-24 17:00:00",12657,
"2026-03-24 18:00:00",11202,
"2026-03-24 19:00:00",11665,
"2026-03-24 20:00:00",11620,
"2026-03-24 21:00:00",11160,
"2026-03-24 22:00:00",9652,
"2026-03-24 23:00:00",9036,
"2026-03-25 00:00:00",8778,10251
"2026-03-25 01:00:00",8912,
"2026-03-25 02:00:00",9084,
"2026-03-25 03:00:00",8682,
"2026-03-25 04:00:00",7972,
"2026-03-25 05:00:00",7772,
"2026-03-25 06:00:00",7528,
"2026-03-25 07:00:00",7946,
"2026-03-25 08:00:00",8410,
"2026-03-25 09:00:00",9061,
"2026-03-25 10:00:00",9743,
"2026-03-25 11:00:00",11206,
"2026-03-25 12:00:00",12831,
"2026-03-25 13:00:00",13649,
"2026-03-25 14:00:00",13916,
"2026-03-25 15:00:00",13542,
"2026-03-25 16:00:00",12792,
"2026-03-25 17:00:00",12808,
"2026-03-25 18:00:00",12778,
"2026-03-25 19:00:00",12773,
"2026-03-25 20:00:00",12347,
"2026-03-25 21:00:00",11355,
"2026-03-25 22:00:00",10187,
"2026-03-25 23:00:00",9317,
"2026-03-26 00:00:00",9440,10055
"2026-03-26 01:00:00",9813,
"2026-03-26 02:00:00",9860,
"2026-03-26 03:00:00",9463,
"2026-03-26 04:00:00",8494,
"2026-03-26 05:00:00",8123,
"2026-03-26 06:00:00",7774,
"2026-03-26 07:00:00",7823,
"2026-03-26 08:00:00",8177,
"2026-03-26 09:00:00",8655,
"2026-03-26 10:00:00",9500,
"2026-03-26 11:00:00",10458,
"2026-03-26 12:00:00",11756,
"2026-03-26 13:00:00",12983,
"2026-03-26 14:00:00",13053,
"2026-03-26 15:00:00",12933,
"2026-03-26 16:00:00",12490,
"2026-03-26 17:00:00",12149,
"2026-03-26 18:00:00",12012,
"2026-03-26 19:00:00",12014,
"2026-03-26 20:00:00",11783,
"2026-03-26 21:00:00",10909,
"2026-03-26 22:00:00",9276,
"2026-03-26 23:00:00",8815,
"2026-03-27 00:00:00",8704,9895
"2026-03-27 01:00:00",9021,
"2026-03-27 02:00:00",9030,
"2026-03-27 03:00:00",8745,
"2026-03-27 04:00:00",8117,
"2026-03-27 05:00:00",7635,
"2026-03-27 06:00:00",7377,
"2026-03-27 07:00:00",7513,
"2026-03-27 08:00:00",7859,
"2026-03-27 09:00:00",8238,
"2026-03-27 10:00:00",9184,
"2026-03-27 11:00:00",9974,
"2026-03-27 12:00:00",11216,
"2026-03-27 13:00:00",12543,
"2026-03-27 14:00:00",13142,
"2026-03-27 15:00:00",13162,
"2026-03-27 16:00:00",12781,
"2026-03-27 17:00:00",12395,
"2026-03-27 18:00:00",11923,
"2026-03-27 19:00:00",11832,
"2026-03-27 20:00:00",11567,
"2026-03-27 21:00:00",11374,
"2026-03-27 22:00:00",10605,
"2026-03-27 23:00:00",9862,
"2026-03-28 00:00:00",9615,11506
"2026-03-28 01:00:00",10001,
"2026-03-28 02:00:00",10104,
"2026-03-28 03:00:00",9940,
"2026-03-28 04:00:00",9728,
"2026-03-28 05:00:00",9252,
"2026-03-28 06:00:00",9231,
"2026-03-28 07:00:00",9824,
"2026-03-28 08:00:00",10267,
"2026-03-28 09:00:00",10732,
"2026-03-28 10:00:00",11526,
"2026-03-28 11:00:00",12246,
"2026-03-28 12:00:00",13509,
"2026-03-28 13:00:00",14613,
"2026-03-28 14:00:00",15428,
"2026-03-28 15:00:00",15346,
"2026-03-28 16:00:00",15082,
"2026-03-28 17:00:00",14118,
"2026-03-28 18:00:00",13422,
"2026-03-28 19:00:00",12696,
"2026-03-28 20:00:00",12479,
"2026-03-28 21:00:00",12202,
"2026-03-28 22:00:00",11529,
"2026-03-28 23:00:00",10497,
"2026-03-29 00:00:00",9844,11596
"2026-03-29 01:00:00",10113,
"2026-03-29 02:00:00",10426,
"2026-03-29 03:00:00",10421,
"2026-03-29 04:00:00",9743,
"2026-03-29 05:00:00",9526,
"2026-03-29 06:00:00",9772,
"2026-03-29 07:00:00",10601,
"2026-03-29 08:00:00",11276,
"2026-03-29 09:00:00",11671,
"2026-03-29 10:00:00",11992,
"2026-03-29 11:00:00",12986,
"2026-03-29 12:00:00",14296,
"2026-03-29 13:00:00",15255,
"2026-03-29 14:00:00",15538,
"2026-03-29 15:00:00",15713,
"2026-03-29 16:00:00",14909,
"2026-03-29 17:00:00",13805,
"2026-03-29 18:00:00",13536,
"2026-03-29 19:00:00",13047,
"2026-03-29 20:00:00",12458,
"2026-03-29 21:00:00",11017,
"2026-03-29 22:00:00",9889,
"2026-03-29 23:00:00",8452,
"2026-03-30 00:00:00",7997,8443
"2026-03-30 01:00:00",8168,
"2026-03-30 02:00:00",8017,
"2026-03-30 03:00:00",7885,
"2026-03-30 04:00:00",7331,
"2026-03-30 05:00:00",6726,
"2026-03-30 06:00:00",6395,
"2026-03-30 07:00:00",6541,
"2026-03-30 08:00:00",6775,
"2026-03-30 09:00:00",7243,
"2026-03-30 10:00:00",7893,
"2026-03-30 11:00:00",8916,
"2026-03-30 12:00:00",10076,
"2026-03-30 13:00:00",10892,
"2026-03-30 14:00:00",11223,
"2026-03-30 15:00:00",11439,
"2026-03-30 16:00:00",11092,
"2026-03-30 17:00:00",10363,
"2026-03-30 18:00:00",10369,
"2026-03-30 19:00:00",10507,
"2026-03-30 20:00:00",9904,
"2026-03-30 21:00:00",8647,
"2026-03-30 22:00:00",7491,
"2026-03-30 23:00:00",6879,
"2026-03-31 00:00:00",7443,7900
"2026-03-31 01:00:00",7816,
"2026-03-31 02:00:00",7903,
"2026-03-31 03:00:00",7320,
"2026-03-31 04:00:00",6775,
"2026-03-31 05:00:00",6330,
"2026-03-31 06:00:00",6002,
"2026-03-31 07:00:00",6213,
"2026-03-31 08:00:00",6427,
"2026-03-31 09:00:00",6940,
"2026-03-31 10:00:00",7666,
"2026-03-31 11:00:00",8300,
"2026-03-31 12:00:00",9434,
"2026-03-31 13:00:00",10405,
"2026-03-31 14:00:00",10671,
"2026-03-31 15:00:00",10611,
"2026-03-31 16:00:00",10254,
"2026-03-31 17:00:00",9787,
"2026-03-31 18:00:00",9663,
"2026-03-31 19:00:00",9439,
"2026-03-31 20:00:00",8985,
"2026-03-31 21:00:00",7950,
"2026-03-31 22:00:00",6861,
"2026-03-31 23:00:00",6594,
"2026-04-01 00:00:00",6851,7462
"2026-04-01 01:00:00",7140,
"2026-04-01 02:00:00",7085,
"2026-04-01 03:00:00",6776,
"2026-04-01 04:00:00",6283,
"2026-04-01 05:00:00",5902,
"2026-04-01 06:00:00",5795,
"2026-04-01 07:00:00",5800,
"2026-04-01 08:00:00",5973,
"2026-04-01 09:00:00",6287,
"2026-04-01 10:00:00",6851,
"2026-04-01 11:00:00",7856,
"2026-04-01 12:00:00",9023,
"2026-04-01 13:00:00",9709,
"2026-04-01 14:00:00",10058,
"2026-04-01 15:00:00",10014,
"2026-04-01 16:00:00",9538,
"2026-04-01 17:00:00",9220,
"2026-04-01 18:00:00",9136,
"2026-04-01 19:00:00",9155,
"2026-04-01 20:00:00",8954,
"2026-04-01 21:00:00",7826,
"2026-04-01 22:00:00",6832,
"2026-04-01 23:00:00",6570,
"2026-04-02 00:00:00",6936,7602
"2026-04-02 01:00:00",7135,
"2026-04-02 02:00:00",7148,
"2026-04-02 03:00:00",7189,
"2026-04-02 04:00:00",6303,
"2026-04-02 05:00:00",5877,
"2026-04-02 06:00:00",5841,
"2026-04-02 07:00:00",5832,
"2026-04-02 08:00:00",6094,
"2026-04-02 09:00:00",6709,
"2026-04-02 10:00:00",7096,
"2026-04-02 11:00:00",8073,
"2026-04-02 12:00:00",9141,
"2026-04-02 13:00:00",10131,
"2026-04-02 14:00:00",10019,
"2026-04-02 15:00:00",10063,
"2026-04-02 16:00:00",9860,
"2026-04-02 17:00:00",9589,
"2026-04-02 18:00:00",9169,
"2026-04-02 19:00:00",9167,
"2026-04-02 20:00:00",9005,
"2026-04-02 21:00:00",8309,
"2026-04-02 22:00:00",7344,
"2026-04-02 23:00:00",6522,
"2026-04-03 00:00:00",6989,8339
"2026-04-03 01:00:00",7477,
"2026-04-03 02:00:00",7493,
"2026-04-03 03:00:00",7541,
"2026-04-03 04:00:00",6957,
"2026-04-03 05:00:00",6540,
"2026-04-03 06:00:00",6502,
"2026-04-03 07:00:00",6632,
"2026-04-03 08:00:00",6916,
"2026-04-03 09:00:00",7422,
"2026-04-03 10:00:00",8036,
"2026-04-03 11:00:00",8815,
"2026-04-03 12:00:00",9779,
"2026-04-03 13:00:00",11019,
"2026-04-03 14:00:00",11259,
"2026-04-03 15:00:00",11239,
"2026-04-03 16:00:00",10944,
"2026-04-03 17:00:00",10528,
"2026-04-03 18:00:00",10007,
"2026-04-03 19:00:00",9902,
"2026-04-03 20:00:00",9696,
"2026-04-03 21:00:00",9309,
"2026-04-03 22:00:00",7957,
"2026-04-03 23:00:00",7110,
"2026-04-04 00:00:00",7509,9032
"2026-04-04 01:00:00",7957,
"2026-04-04 02:00:00",8145,
"2026-04-04 03:00:00",8092,
"2026-04-04 04:00:00",8130,
"2026-04-04 05:00:00",7535,
"2026-04-04 06:00:00",7612,
"2026-04-04 07:00:00",8032,
"2026-04-04 08:00:00",8228,
"2026-04-04 09:00:00",8503,
"2026-04-04 10:00:00",9028,
"2026-04-04 11:00:00",9622,
"2026-04-04 12:00:00",10432,
"2026-04-04 13:00:00",11419,
"2026-04-04 14:00:00",12167,
"2026-04-04 15:00:00",11991,
"2026-04-04 16:00:00",11694,
"2026-04-04 17:00:00",10764,
"2026-04-04 18:00:00",10806,
"2026-04-04 19:00:00",10308,
"2026-04-04 20:00:00",9900,
"2026-04-04 21:00:00",9140,
"2026-04-04 22:00:00",8414,
"2026-04-04 23:00:00",7345,
"2026-04-05 00:00:00",7421,9111
"2026-04-05 01:00:00",7724,
"2026-04-05 02:00:00",7976,
"2026-04-05 03:00:00",7947,
"2026-04-05 04:00:00",7925,
"2026-04-05 05:00:00",7718,
"2026-04-05 06:00:00",7895,
"2026-04-05 07:00:00",8459,
"2026-04-05 08:00:00",8554,
"2026-04-05 09:00:00",8984,
"2026-04-05 10:00:00",9195,
"2026-04-05 11:00:00",9966,
"2026-04-05 12:00:00",10731,
"2026-04-05 13:00:00",11417,
"2026-04-05 14:00:00",12330,
"2026-04-05 15:00:00",12438,
"2026-04-05 16:00:00",11488,
"2026-04-05 17:00:00",10771,
"2026-04-05 18:00:00",10752,
"2026-04-05 19:00:00",10370,
"2026-04-05 20:00:00",9947,
"2026-04-05 21:00:00",9199,
"2026-04-05 22:00:00",8484,
"2026-04-05 23:00:00",7297,
"2026-04-06 00:00:00",7306,7760
"2026-04-06 01:00:00",7783,
"2026-04-06 02:00:00",7468,
"2026-04-06 03:00:00",7145,
"2026-04-06 04:00:00",6638,
"2026-04-06 05:00:00",6500,
"2026-04-06 06:00:00",6507,
"2026-04-06 07:00:00",6804,
"2026-04-06 08:00:00",7333,
"2026-04-06 09:00:00",7612,
"2026-04-06 10:00:00",7908,
"2026-04-06 11:00:00",8775,
"2026-04-06 12:00:00",9363,
"2026-04-06 13:00:00",9950,
"2026-04-06 14:00:00",10190,
"2026-04-06 15:00:00",10525,
"2026-04-06 16:00:00",9898,
"2026-04-06 17:00:00",9367,
"2026-04-06 18:00:00",8863,
"2026-04-06 19:00:00",8896,
"2026-04-06 20:00:00",8231,
"2026-04-06 21:00:00",7295,
"2026-04-06 22:00:00",6261,
"2026-04-06 23:00:00",5784,
"2026-04-07 00:00:00",6000,6484
"2026-04-07 01:00:00",6456,
"2026-04-07 02:00:00",6521,
"2026-04-07 03:00:00",6104,
"2026-04-07 04:00:00",5531,
"2026-04-07 05:00:00",5144,
"2026-04-07 06:00:00",4929,
"2026-04-07 07:00:00",5083,
"2026-04-07 08:00:00",5278,
"2026-04-07 09:00:00",5534,
"2026-04-07 10:00:00",6115,
"2026-04-07 11:00:00",6855,
"2026-04-07 12:00:00",7590,
"2026-04-07 13:00:00",8424,
"2026-04-07 14:00:00",8704,
"2026-04-07 15:00:00",8716,
"2026-04-07 16:00:00",8574,
"2026-04-07 17:00:00",7957,
"2026-04-07 18:00:00",7953,
"2026-04-07 19:00:00",7920,
"2026-04-07 20:00:00",7470,
"2026-04-07 21:00:00",6723,
"2026-04-07 22:00:00",5589,
"2026-04-07 23:00:00",5448,
"2026-04-08 00:00:00",5731,6072
"2026-04-08 01:00:00",6043,
"2026-04-08 02:00:00",6050,
"2026-04-08 03:00:00",5728,
"2026-04-08 04:00:00",5254,
"2026-04-08 05:00:00",4873,
"2026-04-08 06:00:00",4752,
"2026-04-08 07:00:00",4864,
"2026-04-08 08:00:00",4978,
"2026-04-08 09:00:00",5261,
"2026-04-08 10:00:00",5665,
"2026-04-08 11:00:00",6371,
"2026-04-08 12:00:00",7122,
"2026-04-08 13:00:00",7675,
"2026-04-08 14:00:00",7962,
"2026-04-08 15:00:00",7947,
"2026-04-08 16:00:00",7667,
"2026-04-08 17:00:00",7439,
"2026-04-08 18:00:00",7468,
"2026-04-08 19:00:00",7384,
"2026-04-08 20:00:00",7145,
"2026-04-08 21:00:00",6199,
"2026-04-08 22:00:00",5522,
"2026-04-08 23:00:00",5008,
"2026-04-09 00:00:00",5445,5864
"2026-04-09 01:00:00",5688,
"2026-04-09 02:00:00",5702,
"2026-04-09 03:00:00",5565,
"2026-04-09 04:00:00",5067,
"2026-04-09 05:00:00",4792,
"2026-04-09 06:00:00",4522,
"2026-04-09 07:00:00",4585,
"2026-04-09 08:00:00",4797,
"2026-04-09 09:00:00",5172,
"2026-04-09 10:00:00",5616,
"2026-04-09 11:00:00",6123,
"2026-04-09 12:00:00",6926,
"2026-04-09 13:00:00",7524,
"2026-04-09 14:00:00",7822,
"2026-04-09 15:00:00",7743,
"2026-04-09 16:00:00",7542,
"2026-04-09 17:00:00",7369,
"2026-04-09 18:00:00",7199,
"2026-04-09 19:00:00",7141,
"2026-04-09 20:00:00",6769,
"2026-04-09 21:00:00",6094,
"2026-04-09 22:00:00",5297,
"2026-04-09 23:00:00",4803,
"2026-04-10 00:00:00",5089,5785
"2026-04-10 01:00:00",5262,
"2026-04-10 02:00:00",5179,
"2026-04-10 03:00:00",5031,
"2026-04-10 04:00:00",4653,
"2026-04-10 05:00:00",4312,
"2026-04-10 06:00:00",4238,
"2026-04-10 07:00:00",4355,
"2026-04-10 08:00:00",4542,
"2026-04-10 09:00:00",4718,
"2026-04-10 10:00:00",5322,
"2026-04-10 11:00:00",5921,
"2026-04-10 12:00:00",6702,
"2026-04-10 13:00:00",7464,
"2026-04-10 14:00:00",7688,
"2026-04-10 15:00:00",7708,
"2026-04-10 16:00:00",7652,
"2026-04-10 17:00:00",7328,
"2026-04-10 18:00:00",7234,
"2026-04-10 19:00:00",7241,
"2026-04-10 20:00:00",7118,
"2026-04-10 21:00:00",6870,
"2026-04-10 22:00:00",5972,
"2026-04-10 23:00:00",5324,
"2026-04-11 00:00:00",5514,6950
"2026-04-11 01:00:00",5794,
"2026-04-11 02:00:00",5959,
"2026-04-11 03:00:00",5959,
"2026-04-11 04:00:00",5977,
"2026-04-11 05:00:00",5691,
"2026-04-11 06:00:00",5725,
"2026-04-11 07:00:00",6073,
"2026-04-11 08:00:00",6378,
"2026-04-11 09:00:00",6542,
"2026-04-11 10:00:00",6949,
"2026-04-11 11:00:00",7296,
"2026-04-11 12:00:00",7923,
"2026-04-11 13:00:00",8659,
"2026-04-11 14:00:00",9338,
"2026-04-11 15:00:00",9396,
"2026-04-11 16:00:00",9233,
"2026-04-11 17:00:00",8499,
"2026-04-11 18:00:00",8375,
"2026-04-11 19:00:00",8097,
"2026-04-11 20:00:00",8001,
"2026-04-11 21:00:00",7636,
"2026-04-11 22:00:00",6723,
"2026-04-11 23:00:00",5846,
"2026-04-12 00:00:00",5786,7121
"2026-04-12 01:00:00",6126,
"2026-04-12 02:00:00",6254,
"2026-04-12 03:00:00",6272,
"2026-04-12 04:00:00",6172,
"2026-04-12 05:00:00",5995,
"2026-04-12 06:00:00",6223,
"2026-04-12 07:00:00",6673,
"2026-04-12 08:00:00",6821,
"2026-04-12 09:00:00",6912,
"2026-04-12 10:00:00",7195,
"2026-04-12 11:00:00",7715,
"2026-04-12 12:00:00",8488,
"2026-04-12 13:00:00",8957,
"2026-04-12 14:00:00",9438,
"2026-04-12 15:00:00",9514,
"2026-04-12 16:00:00",9118,
"2026-04-12 17:00:00",8698,
"2026-04-12 18:00:00",8598,
"2026-04-12 19:00:00",8495,
"2026-04-12 20:00:00",7925,
"2026-04-12 21:00:00",6960,
"2026-04-12 22:00:00",6020,
"2026-04-12 23:00:00",5226,
"2026-04-13 00:00:00",4892,4989
"2026-04-13 01:00:00",4949,
"2026-04-13 02:00:00",4883,
"2026-04-13 03:00:00",4576,
"2026-04-13 04:00:00",3993,
"2026-04-13 05:00:00",3960,
"2026-04-13 06:00:00",3593,
"2026-04-13 07:00:00",3735,
"2026-04-13 08:00:00",3826,
"2026-04-13 09:00:00",4033,
"2026-04-13 10:00:00",4478,
"2026-04-13 11:00:00",5126,
"2026-04-13 12:00:00",5655,
"2026-04-13 13:00:00",6234,
"2026-04-13 14:00:00",6528,
"2026-04-13 15:00:00",6739,
"2026-04-13 16:00:00",6582,
"2026-04-13 17:00:00",6497,
"2026-04-13 18:00:00",6624,
"2026-04-13 19:00:00",6673,
"2026-04-13 20:00:00",6309,
"2026-04-13 21:00:00",5409,
"2026-04-13 22:00:00",4597,
"2026-04-13 23:00:00",4174,
"2026-04-14 00:00:00",4225,4601
"2026-04-14 01:00:00",4350,
"2026-04-14 02:00:00",4421,
"2026-04-14 03:00:00",4127,
"2026-04-14 04:00:00",3795,
"2026-04-14 05:00:00",3579,
"2026-04-14 06:00:00",3345,
"2026-04-14 07:00:00",3435,
"2026-04-14 08:00:00",3629,
"2026-04-14 09:00:00",3782,
"2026-04-14 10:00:00",4043,
"2026-04-14 11:00:00",4686,
"2026-04-14 12:00:00",5330,
"2026-04-14 13:00:00",5877,
"2026-04-14 14:00:00",6070,
"2026-04-14 15:00:00",6099,
"2026-04-14 16:00:00",6175,
"2026-04-14 17:00:00",6084,
"2026-04-14 18:00:00",6117,
"2026-04-14 19:00:00",6091,
"2026-04-14 20:00:00",5774,
"2026-04-14 21:00:00",4952,
"2026-04-14 22:00:00",4309,
"2026-04-14 23:00:00",3895,
"2026-04-15 00:00:00",3919,4348
"2026-04-15 01:00:00",3995,
"2026-04-15 02:00:00",4131,
"2026-04-15 03:00:00",3983,
"2026-04-15 04:00:00",3611,
"2026-04-15 05:00:00",3342,
"2026-04-15 06:00:00",3292,
"2026-04-15 07:00:00",3211,
"2026-04-15 08:00:00",3405,
"2026-04-15 09:00:00",3580,
"2026-04-15 10:00:00",3835,
"2026-04-15 11:00:00",4389,
"2026-04-15 12:00:00",4938,
"2026-04-15 13:00:00",5520,
"2026-04-15 14:00:00",5776,
"2026-04-15 15:00:00",5849,
"2026-04-15 16:00:00",5837,
"2026-04-15 17:00:00",5696,
"2026-04-15 18:00:00",5790,
"2026-04-15 19:00:00",5714,
"2026-04-15 20:00:00",5514,
"2026-04-15 21:00:00",4642,
"2026-04-15 22:00:00",3993,
"2026-04-15 23:00:00",3677,
"2026-04-16 00:00:00",3678,4198
"2026-04-16 01:00:00",3853,
"2026-04-16 02:00:00",3874,
"2026-04-16 03:00:00",3846,
"2026-04-16 04:00:00",3494,
"2026-04-16 05:00:00",3258,
"2026-04-16 06:00:00",3184,
"2026-04-16 07:00:00",3167,
"2026-04-16 08:00:00",3227,
"2026-04-16 09:00:00",3471,
"2026-04-16 10:00:00",3593,
"2026-04-16 10:10:00",3585,
"2026-04-16 10:20:00",3632,
"2026-04-16 10:30:00",3659,
"2026-04-16 10:40:00",3706,
"2026-04-16 10:50:00",3772,
"2026-04-16 11:00:00",3842,
"2026-04-16 11:10:00",3918,
"2026-04-16 11:20:00",4028,
"2026-04-16 11:30:00",4101,
"2026-04-16 11:40:00",4168,
"2026-04-16 11:50:00",4230,
"2026-04-16 12:00:00",4302,
"2026-04-16 12:10:00",4390,
"2026-04-16 12:20:00",4501,
"2026-04-16 12:30:00",4623,
"2026-04-16 12:40:00",4720,
"2026-04-16 12:50:00",4819,
"2026-04-16 13:00:00",4909,
"2026-04-16 13:10:00",4937,
"2026-04-16 13:20:00",5077,
"2026-04-16 13:30:00",5239,
"2026-04-16 13:40:00",5217,
"2026-04-16 13:50:00",5251,
"2026-04-16 14:00:00",5279,
"2026-04-16 14:10:00",5296,
"2026-04-16 14:20:00",5380,
"2026-04-16 14:30:00",5395,
"2026-04-16 14:40:00",5444,
"2026-04-16 14:50:00",5467,
"2026-04-16 15:00:00",5442,
"2026-04-16 15:10:00",5400,
"2026-04-16 15:20:00",5414,
"2026-04-16 15:30:00",5472,
"2026-04-16 15:40:00",5390,
"2026-04-16 15:50:00",5393,
"2026-04-16 16:00:00",5393,
"2026-04-16 16:10:00",5424,
"2026-04-16 16:20:00",5435,
"2026-04-16 16:30:00",5461,
"2026-04-16 16:40:00",5505,
"2026-04-16 16:50:00",5588,
"2026-04-16 17:00:00",5658,
"2026-04-16 17:10:00",5587,
"2026-04-16 17:20:00",5553,
"2026-04-16 17:30:00",5504,
"2026-04-16 17:40:00",5522,
"2026-04-16 17:50:00",5534,
"2026-04-16 18:00:00",5510,
"2026-04-16 18:10:00",5519,
"2026-04-16 18:20:00",5546,
"2026-04-16 18:30:00",5555,
"2026-04-16 18:40:00",5530,
"2026-04-16 18:50:00",5541,
"2026-04-16 19:00:00",5522,
"2026-04-16 19:10:00",5501,
"2026-04-16 19:20:00",5439,
"2026-04-16 19:30:00",5419,
"2026-04-16 19:40:00",5369,
"2026-04-16 19:50:00",5370,
"2026-04-16 20:00:00",5294,
"2026-04-16 20:10:00",5183,
"2026-04-16 20:20:00",5088,
"2026-04-16 20:30:00",5033,
"2026-04-16 20:40:00",4899,
"2026-04-16 20:50:00",4754,
"2026-04-16 21:00:00",4607,
"2026-04-16 21:10:00",4407,
"2026-04-16 21:20:00",4263,
"2026-04-16 21:30:00",4160,
"2026-04-16 21:40:00",4097,
"2026-04-16 21:50:00",3959,
"2026-04-16 22:00:00",3932,
"2026-04-16 22:10:00",3873,
"2026-04-16 22:20:00",3789,
"2026-04-16 22:30:00",3732,
"2026-04-16 22:40:00",3709,
"2026-04-16 22:50:00",3692,
"2026-04-16 23:00:00",3643,
"2026-04-16 23:10:00",3592,
"2026-04-16 23:20:00",3612,
"2026-04-16 23:30:00",3565,
"2026-04-16 23:40:00",3600,
"2026-04-16 23:50:00",3591,
"2026-04-17 00:00:00",3672,4337
"2026-04-17 00:10:00",3654,
"2026-04-17 00:20:00",3694,
"2026-04-17 00:30:00",3709,
"2026-04-17 00:40:00",3709,
"2026-04-17 00:50:00",3741,
"2026-04-17 01:00:00",3739,
"2026-04-17 01:10:00",3728,
"2026-04-17 01:20:00",3770,
"2026-04-17 01:30:00",3838,
"2026-04-17 01:40:00",3880,
"2026-04-17 01:50:00",3897,
"2026-04-17 02:00:00",3853,
"2026-04-17 02:10:00",3830,
"2026-04-17 02:20:00",3818,
"2026-04-17 02:30:00",3781,
"2026-04-17 02:40:00",3752,
"2026-04-17 02:50:00",3738,
"2026-04-17 03:00:00",3685,
"2026-04-17 03:10:00",3610,
"2026-04-17 03:20:00",3639,
"2026-04-17 03:30:00",3634,
"2026-04-17 03:40:00",3547,
"2026-04-17 03:50:00",3433,
"2026-04-17 04:00:00",3323,
"2026-04-17 04:10:00",3262,
"2026-04-17 04:20:00",3232,
"2026-04-17 04:30:00",3212,
"2026-04-17 04:40:00",3222,
"2026-04-17 04:50:00",3220,
"2026-04-17 05:00:00",3189,
"2026-04-17 05:10:00",3174,
"2026-04-17 05:20:00",3201,
"2026-04-17 05:30:00",3195,
"2026-04-17 05:40:00",3169,
"2026-04-17 05:50:00",3147,
"2026-04-17 06:00:00",3160,
"2026-04-17 06:10:00",3140,
"2026-04-17 06:20:00",3143,
"2026-04-17 06:30:00",3169,
"2026-04-17 06:40:00",3168,
"2026-04-17 06:50:00",3182,
"2026-04-17 07:00:00",3192,
"2026-04-17 07:10:00",3117,
"2026-04-17 07:20:00",3116,
"2026-04-17 07:30:00",3108,
"2026-04-17 07:40:00",3122,
"2026-04-17 07:50:00",3137,
"2026-04-17 08:00:00",3149,
"2026-04-17 08:10:00",3137,
"2026-04-17 08:20:00",3149,
"2026-04-17 08:30:00",3215,
"2026-04-17 08:40:00",3256,
"2026-04-17 08:50:00",3293,
"2026-04-17 09:00:00",3293,
"2026-04-17 09:10:00",3289,
"2026-04-17 09:20:00",3321,
"2026-04-17 09:30:00",3334,
"2026-04-17 09:40:00",3344,
"2026-04-17 09:50:00",3386,
"2026-04-17 10:00:00",3412,
"2026-04-17 10:10:00",3513,
"2026-04-17 10:20:00",3567,
"2026-04-17 10:30:00",3627,
"2026-04-17 10:40:00",3644,
"2026-04-17 10:50:00",3710,
"2026-04-17 11:00:00",3736,
"2026-04-17 11:10:00",3881,
"2026-04-17 11:20:00",3948,
"2026-04-17 11:30:00",4045,
"2026-04-17 11:40:00",4126,
"2026-04-17 11:50:00",4259,
"2026-04-17 12:00:00",4343,
"2026-04-17 12:10:00",4459,
"2026-04-17 12:20:00",4533,
"2026-04-17 12:30:00",4639,
"2026-04-17 12:40:00",4734,
"2026-04-17 12:50:00",4836,
"2026-04-17 13:00:00",4876,
"2026-04-17 13:10:00",5003,
"2026-04-17 13:20:00",5149,
"2026-04-17 13:30:00",5264,
"2026-04-17 13:40:00",5412,
"2026-04-17 13:50:00",5571,
"2026-04-17 14:00:00",5719,
"2026-04-17 14:10:00",5638,
"2026-04-17 14:20:00",5611,
"2026-04-17 14:30:00",5624,
"2026-04-17 14:40:00",5629,
"2026-04-17 14:50:00",5668,
"2026-04-17 15:00:00",5654,
"2026-04-17 15:10:00",5655,
"2026-04-17 15:20:00",5679,
"2026-04-17 15:30:00",5711,
"2026-04-17 15:40:00",5710,
"2026-04-17 15:50:00",5731,
"2026-04-17 16:00:00",5728,
"2026-04-17 16:10:00",5700,
"2026-04-17 16:20:00",5646,
"2026-04-17 16:30:00",5609,
"2026-04-17 16:40:00",5595,
"2026-04-17 16:50:00",5592,
"2026-04-17 17:00:00",5574,
"2026-04-17 17:10:00",5603,
"2026-04-17 17:20:00",5667,
"2026-04-17 17:30:00",5715,
"2026-04-17 17:40:00",5625,
"2026-04-17 17:50:00",5603,
"2026-04-17 18:00:00",5578,
"2026-04-17 18:10:00",5545,
"2026-04-17 18:20:00",5565,
"2026-04-17 18:30:00",5606,
"2026-04-17 18:40:00",5647,
"2026-04-17 18:50:00",5655,
"2026-04-17 19:00:00",5601,
"2026-04-17 19:10:00",5570,
"2026-04-17 19:20:00",5666,
"2026-04-17 19:30:00",5682,
"2026-04-17 19:40:00",5679,
"2026-04-17 19:50:00",5646,
"2026-04-17 20:00:00",5605,
"2026-04-17 20:10:00",5490,
"2026-04-17 20:20:00",5470,
"2026-04-17 20:30:00",5432,
"2026-04-17 20:40:00",5405,
"2026-04-17 20:50:00",5408,
"2026-04-17 21:00:00",5376,
"2026-04-17 21:10:00",5266,
"2026-04-17 21:20:00",5139,
"2026-04-17 21:30:00",5040,
"2026-04-17 21:40:00",4923,
"2026-04-17 21:50:00",4835,
"2026-04-17 22:00:00",4683,
"2026-04-17 22:10:00",4557,
"2026-04-17 22:20:00",4428,
"2026-04-17 22:30:00",4352,
"2026-04-17 22:40:00",4264,
"2026-04-17 22:50:00",4212,
"2026-04-17 23:00:00",4158,
"2026-04-17 23:10:00",4107,
"2026-04-17 23:20:00",4083,
"2026-04-17 23:30:00",4036,
"2026-04-17 23:40:00",4031,
"2026-04-17 23:50:00",4010,
"2026-04-18 00:00:00",3960,5358
"2026-04-18 00:10:00",4002,
"2026-04-18 00:20:00",4028,
"2026-04-18 00:30:00",4133,
"2026-04-18 00:40:00",4116,
"2026-04-18 00:50:00",4093,
"2026-04-18 01:00:00",4144,
"2026-04-18 01:10:00",4159,
"2026-04-18 01:20:00",4222,
"2026-04-18 01:30:00",4258,
"2026-04-18 01:40:00",4302,
"2026-04-18 01:50:00",4364,
"2026-04-18 02:00:00",4369,
"2026-04-18 02:10:00",4376,
"2026-04-18 02:20:00",4442,
"2026-04-18 02:30:00",4486,
"2026-04-18 02:40:00",4476,
"2026-04-18 02:50:00",4511,
"2026-04-18 03:00:00",4489,
"2026-04-18 03:10:00",4434,
"2026-04-18 03:20:00",4401,
"2026-04-18 03:30:00",4434,
"2026-04-18 03:40:00",4450,
"2026-04-18 03:50:00",4453,
"2026-04-18 04:00:00",4458,
"2026-04-18 04:10:00",4374,
"2026-04-18 04:20:00",4342,
"2026-04-18 04:30:00",4293,
"2026-04-18 04:40:00",4332,
"2026-04-18 04:50:00",4319,
"2026-04-18 05:00:00",4303,
"2026-04-18 05:10:00",4274,
"2026-04-18 05:20:00",4275,
"2026-04-18 05:30:00",4239,
"2026-04-18 05:40:00",4230,
"2026-04-18 05:50:00",4222,
"2026-04-18 06:00:00",4200,
"2026-04-18 06:10:00",4204,
"2026-04-18 06:20:00",4258,
"2026-04-18 06:30:00",4323,
"2026-04-18 06:40:00",4367,
"2026-04-18 06:50:00",4382,
"2026-04-18 07:00:00",4429,
"2026-04-18 07:10:00",4479,
"2026-04-18 07:20:00",4551,
"2026-04-18 07:30:00",4631,
"2026-04-18 07:40:00",4604,
"2026-04-18 07:50:00",4595,
"2026-04-18 08:00:00",4604,
"2026-04-18 08:10:00",4647,
"2026-04-18 08:20:00",4709,
"2026-04-18 08:30:00",4747,
"2026-04-18 08:40:00",4780,
"2026-04-18 08:50:00",4840,
"2026-04-18 09:00:00",4854,
"2026-04-18 09:10:00",4907,
"2026-04-18 09:20:00",4959,
"2026-04-18 09:30:00",4995,
"2026-04-18 09:40:00",5002,
"2026-04-18 09:50:00",4994,
"2026-04-18 10:00:00",4946,
"2026-04-18 10:10:00",4985,
"2026-04-18 10:20:00",5007,
"2026-04-18 10:30:00",5036,
"2026-04-18 10:40:00",5047,
"2026-04-18 10:50:00",5155,
"2026-04-18 11:00:00",5242,
"2026-04-18 11:10:00",5204,
"2026-04-18 11:20:00",5265,
"2026-04-18 11:30:00",5415,
"2026-04-18 11:40:00",5445,
"2026-04-18 11:50:00",5535,
"2026-04-18 12:00:00",5619,
"2026-04-18 12:10:00",5705,
"2026-04-18 12:20:00",5771,
"2026-04-18 12:30:00",5845,
"2026-04-18 12:40:00",5967,
"2026-04-18 12:50:00",6034,
"2026-04-18 13:00:00",6163,
"2026-04-18 13:10:00",6248,
"2026-04-18 13:20:00",6391,
"2026-04-18 13:30:00",6449,
"2026-04-18 13:40:00",6584,
"2026-04-18 13:50:00",6657,
"2026-04-18 14:00:00",6689,
"2026-04-18 14:10:00",6787,
"2026-04-18 14:20:00",6924,
"2026-04-18 14:30:00",7088,
"2026-04-18 14:40:00",7021,
"2026-04-18 14:50:00",7074,
"2026-04-18 15:00:00",7080,
"2026-04-18 15:10:00",7110,
"2026-04-18 15:20:00",7063,
"2026-04-18 15:30:00",7031,
"2026-04-18 15:40:00",7045,
"2026-04-18 15:50:00",7041,
"2026-04-18 16:00:00",6958,
"2026-04-18 16:10:00",6894,
"2026-04-18 16:20:00",6867,
"2026-04-18 16:30:00",6895,
"2026-04-18 16:40:00",6850,
"2026-04-18 16:50:00",6761,
"2026-04-18 17:00:00",6715,
"2026-04-18 17:10:00",6634,
"2026-04-18 17:20:00",6630,
"2026-04-18 17:30:00",6655,
"2026-04-18 17:40:00",6645,
"2026-04-18 17:50:00",6678,
"2026-04-18 18:00:00",6690,
"2026-04-18 18:10:00",6612,
"2026-04-18 18:20:00",6460,
"2026-04-18 18:30:00",6460,
"2026-04-18 18:40:00",6515,
"2026-04-18 18:50:00",6512,
"2026-04-18 19:00:00",6472,
"2026-04-18 19:10:00",6442,
"2026-04-18 19:20:00",6453,
"2026-04-18 19:30:00",6452,
"2026-04-18 19:40:00",6476,
"2026-04-18 19:50:00",6421,
"2026-04-18 20:00:00",6418,
"2026-04-18 20:10:00",6357,
"2026-04-18 20:20:00",6254,
"2026-04-18 20:30:00",6225,
"2026-04-18 20:40:00",6121,
"2026-04-18 20:50:00",6060,
"2026-04-18 21:00:00",5963,
"2026-04-18 21:10:00",5883,
"2026-04-18 21:20:00",5871,
"2026-04-18 21:30:00",5853,
"2026-04-18 21:40:00",5694,
"2026-04-18 21:50:00",5502,
"2026-04-18 22:00:00",5322,
"2026-04-18 22:10:00",5137,
"2026-04-18 22:20:00",4994,
"2026-04-18 22:30:00",4880,
"2026-04-18 22:40:00",4796,
"2026-04-18 22:50:00",4726,
"2026-04-18 23:00:00",4675,
"2026-04-18 23:10:00",4574,
"2026-04-18 23:20:00",4541,
"2026-04-18 23:30:00",4478,
"2026-04-18 23:40:00",4443,
"2026-04-18 23:50:00",4403,
"2026-04-19 00:00:00",4354,5719
"2026-04-19 00:10:00",4377,
"2026-04-19 00:20:00",4362,
"2026-04-19 00:30:00",4384,
"2026-04-19 00:40:00",4360,
"2026-04-19 00:50:00",4399,
"2026-04-19 01:00:00",4474,
"2026-04-19 01:10:00",4454,
"2026-04-19 01:20:00",4452,
"2026-04-19 01:30:00",4441,
"2026-04-19 01:40:00",4496,
"2026-04-19 01:50:00",4480,
"2026-04-19 02:00:00",4530,
"2026-04-19 02:10:00",4606,
"2026-04-19 02:20:00",4680,
"2026-04-19 02:30:00",4706,
"2026-04-19 02:40:00",4744,
"2026-04-19 02:50:00",4811,
"2026-04-19 03:00:00",4828,
"2026-04-19 03:10:00",4844,
"2026-04-19 03:20:00",4802,
"2026-04-19 03:30:00",4769,
"2026-04-19 03:40:00",4783,
"2026-04-19 03:50:00",4714,
"2026-04-19 04:00:00",4665,
"2026-04-19 04:10:00",4625,
"2026-04-19 04:20:00",4634,
"2026-04-19 04:30:00",4674,
"2026-04-19 04:40:00",4632,
"2026-04-19 04:50:00",4631,
"2026-04-19 05:00:00",4524,
"2026-04-19 05:10:00",4469,
"2026-04-19 05:20:00",4490,
"2026-04-19 05:30:00",4509,
"2026-04-19 05:40:00",4525,
"2026-04-19 05:50:00",4543,
"2026-04-19 06:00:00",4592,
"2026-04-19 06:10:00",4624,
"2026-04-19 06:20:00",4631,
"2026-04-19 06:30:00",4668,
"2026-04-19 06:40:00",4693,
"2026-04-19 06:50:00",4770,
"2026-04-19 07:00:00",4809,
"2026-04-19 07:10:00",4871,
"2026-04-19 07:20:00",4968,
"2026-04-19 07:30:00",5018,
"2026-04-19 07:40:00",5120,
"2026-04-19 07:50:00",5231,
"2026-04-19 08:00:00",5269,
"2026-04-19 08:10:00",5214,
"2026-04-19 08:20:00",5278,
"2026-04-19 08:30:00",5308,
"2026-04-19 08:40:00",5358,
"2026-04-19 08:50:00",5388,
"2026-04-19 09:00:00",5402,
"2026-04-19 09:10:00",5486,
"2026-04-19 09:20:00",5554,
"2026-04-19 09:30:00",5596,
"2026-04-19 09:40:00",5622,
"2026-04-19 09:50:00",5626,
"2026-04-19 10:00:00",5621,
"2026-04-19 10:10:00",5603,
"2026-04-19 10:20:00",5659,
"2026-04-19 10:30:00",5660,
"2026-04-19 10:40:00",5691,
"2026-04-19 10:50:00",5760,
"2026-04-19 11:00:00",5810,
"2026-04-19 11:10:00",5882,
"2026-04-19 11:20:00",5999,
"2026-04-19 11:30:00",6166,
"2026-04-19 11:40:00",6230,
"2026-04-19 11:50:00",6311,
"2026-04-19 12:00:00",6346,
"2026-04-19 12:10:00",6427,
"2026-04-19 12:20:00",6480,
"2026-04-19 12:30:00",6602,
"2026-04-19 12:40:00",6736,
"2026-04-19 12:50:00",6829,
"2026-04-19 13:00:00",6884,
"2026-04-19 13:10:00",7008,
"2026-04-19 13:20:00",7137,
"2026-04-19 13:30:00",7180,
"2026-04-19 13:40:00",7259,
"2026-04-19 13:50:00",7407,
"2026-04-19 14:00:00",7419,
"2026-04-19 14:10:00",7502,
"2026-04-19 14:20:00",7585,
"2026-04-19 14:30:00",7615,
"2026-04-19 14:40:00",7605,
"2026-04-19 14:50:00",7720,
"2026-04-19 15:00:00",7814,
"2026-04-19 15:10:00",7670,
"2026-04-19 15:20:00",7596,
"2026-04-19 15:30:00",7581,
"2026-04-19 15:40:00",7525,
"2026-04-19 15:50:00",7475,
"2026-04-19 16:00:00",7412,
"2026-04-19 16:10:00",7344,
"2026-04-19 16:20:00",7254,
"2026-04-19 16:30:00",7201,
"2026-04-19 16:40:00",7130,
"2026-04-19 16:50:00",7125,
"2026-04-19 17:00:00",7109,
"2026-04-19 17:10:00",7050,
"2026-04-19 17:20:00",7086,
"2026-04-19 17:30:00",7100,
"2026-04-19 17:40:00",7065,
"2026-04-19 17:50:00",7111,
"2026-04-19 18:00:00",7119,
"2026-04-19 18:10:00",7109,
"2026-04-19 18:20:00",7232,
"2026-04-19 18:30:00",7242,
"2026-04-19 18:40:00",7194,
"2026-04-19 18:50:00",7122,
"2026-04-19 19:00:00",7115,
"2026-04-19 19:10:00",6996,
"2026-04-19 19:20:00",7029,
"2026-04-19 19:30:00",6977,
"2026-04-19 19:40:00",6868,
"2026-04-19 19:50:00",6789,
"2026-04-19 20:00:00",6694,
"2026-04-19 20:10:00",6527,
"2026-04-19 20:20:00",6398,
"2026-04-19 20:30:00",6268,
"2026-04-19 20:40:00",6159,
"2026-04-19 20:50:00",6002,
"2026-04-19 21:00:00",5777,
"2026-04-19 21:10:00",5635,
"2026-04-19 21:20:00",5447,
"2026-04-19 21:30:00",5355,
"2026-04-19 21:40:00",5197,
"2026-04-19 21:50:00",5091,
"2026-04-19 22:00:00",5019,
"2026-04-19 22:10:00",4813,
"2026-04-19 22:20:00",4688,
"2026-04-19 22:30:00",4576,
"2026-04-19 22:40:00",4460,
"2026-04-19 22:50:00",4397,
"2026-04-19 23:00:00",4326,
"2026-04-19 23:10:00",4234,
"2026-04-19 23:20:00",4144,
"2026-04-19 23:30:00",4122,
"2026-04-19 23:40:00",4106,
"2026-04-19 23:50:00",4086,
"2026-04-20 00:00:00",4055,4121
"2026-04-20 00:10:00",4029,
"2026-04-20 00:20:00",4032,
"2026-04-20 00:30:00",4063,
"2026-04-20 00:40:00",4060,
"2026-04-20 00:50:00",4049,
"2026-04-20 01:00:00",4064,
"2026-04-20 01:10:00",4085,
"2026-04-20 01:20:00",4083,
"2026-04-20 01:30:00",4159,
"2026-04-20 01:40:00",4097,
"2026-04-20 01:50:00",3997,
"2026-04-20 02:00:00",3931,
"2026-04-20 02:10:00",3910,
"2026-04-20 02:20:00",3952,
"2026-04-20 02:30:00",3865,
"2026-04-20 02:40:00",3837,
"2026-04-20 02:50:00",3792,
"2026-04-20 03:00:00",3737,
"2026-04-20 03:10:00",3652,
"2026-04-20 03:20:00",3607,
"2026-04-20 03:30:00",3622,
"2026-04-20 03:40:00",3547,
"2026-04-20 03:50:00",3505,
"2026-04-20 04:00:00",3444,
"2026-04-20 04:10:00",3379,
"2026-04-20 04:20:00",3326,
"2026-04-20 04:30:00",3293,
"2026-04-20 04:40:00",3243,
"2026-04-20 04:50:00",3240,
"2026-04-20 05:00:00",3231,
"2026-04-20 05:10:00",3131,
"2026-04-20 05:20:00",3038,
"2026-04-20 05:30:00",2998,
"2026-04-20 05:40:00",2951,
"2026-04-20 05:50:00",2888,
"2026-04-20 06:00:00",2868,
"2026-04-20 06:10:00",2855,
"2026-04-20 06:20:00",2873,
"2026-04-20 06:30:00",2888,
"2026-04-20 06:40:00",2881,
"2026-04-20 06:50:00",2889,
"2026-04-20 07:00:00",2887,
"2026-04-20 07:10:00",2904,
"2026-04-20 07:20:00",2941,
"2026-04-20 07:30:00",2943,
"2026-04-20 07:40:00",2971,
"2026-04-20 07:50:00",3005,
"2026-04-20 08:00:00",3008,
"2026-04-20 08:10:00",3084,
"2026-04-20 08:20:00",3154,
"2026-04-20 08:30:00",3197,
"2026-04-20 08:40:00",3174,
"2026-04-20 08:50:00",3162,
"2026-04-20 09:00:00",3147,
"2026-04-20 09:10:00",3177,
"2026-04-20 09:20:00",3170,
"2026-04-20 09:30:00",3189,
"2026-04-20 09:40:00",3243,
"2026-04-20 09:50:00",3246,
"2026-04-20 10:00:00",3247,
"2026-04-20 10:10:00",3277,
"2026-04-20 10:20:00",3381,
"2026-04-20 10:30:00",3430,
"2026-04-20 10:40:00",3509,
"2026-04-20 10:50:00",3571,
"2026-04-20 11:00:00",3579,
"2026-04-20 11:10:00",3674,
"2026-04-20 11:20:00",3794,
"2026-04-20 11:30:00",3872,
"2026-04-20 11:40:00",3991,
"2026-04-20 11:50:00",4091,
"2026-04-20 12:00:00",4179,
"2026-04-20 12:10:00",4233,
"2026-04-20 12:20:00",4352,
"2026-04-20 12:30:00",4432,
"2026-04-20 12:40:00",4535,
"2026-04-20 12:50:00",4643,
"2026-04-20 13:00:00",4699,
"2026-04-20 13:10:00",4808,
"2026-04-20 13:20:00",4904,
"2026-04-20 13:30:00",4963,
"2026-04-20 13:40:00",5097,
"2026-04-20 13:50:00",5165,
"2026-04-20 14:00:00",5185,
"2026-04-20 14:10:00",5171,
"2026-04-20 14:20:00",5230,
"2026-04-20 14:30:00",5239,
"2026-04-20 14:40:00",5262,
"2026-04-20 14:50:00",5291,
"2026-04-20 15:00:00",5329,
"2026-04-20 15:10:00",5347,
"2026-04-20 15:20:00",5417,
"2026-04-20 15:30:00",5504,
"2026-04-20 15:40:00",5458,
"2026-04-20 15:50:00",5379,
"2026-04-20 16:00:00",5324,
"2026-04-20 16:10:00",5349,
"2026-04-20 16:20:00",5323,
"2026-04-20 16:30:00",5304,
"2026-04-20 16:40:00",5381,
"2026-04-20 16:50:00",5416,
"2026-04-20 17:00:00",5419,
"2026-04-20 17:10:00",5392,
"2026-04-20 17:20:00",5392,
"2026-04-20 17:30:00",5360,
"2026-04-20 17:40:00",5380,
"2026-04-20 17:50:00",5425,
"2026-04-20 18:00:00",5418,
"2026-04-20 18:10:00",5408,
"2026-04-20 18:20:00",5426,
"2026-04-20 18:30:00",5426,
"2026-04-20 18:40:00",5513,
"2026-04-20 18:50:00",5570,
"2026-04-20 19:00:00",5660,
"2026-04-20 19:10:00",5542,
"2026-04-20 19:20:00",5491,
"2026-04-20 19:30:00",5425,
"2026-04-20 19:40:00",5378,
"2026-04-20 19:50:00",5332,
"2026-04-20 20:00:00",5251,
"2026-04-20 20:10:00",5127,
"2026-04-20 20:20:00",5027,
"2026-04-20 20:30:00",4902,
"2026-04-20 20:40:00",4784,
"2026-04-20 20:50:00",4692,
"2026-04-20 21:00:00",4513,
"2026-04-20 21:10:00",4352,
"2026-04-20 21:20:00",4220,
"2026-04-20 21:30:00",4138,
"2026-04-20 21:40:00",4040,
"2026-04-20 21:50:00",3924,
"2026-04-20 22:00:00",3848,
"2026-04-20 22:10:00",3799,
"2026-04-20 22:20:00",3703,
"2026-04-20 22:30:00",3669,
"2026-04-20 22:40:00",3573,
"2026-04-20 22:50:00",3492,
"2026-04-20 23:00:00",3451,
"2026-04-20 23:10:00",3413,
"2026-04-20 23:20:00",3408,
"2026-04-20 23:30:00",3435,
"2026-04-20 23:40:00",3429,
"2026-04-20 23:50:00",3386,
"2026-04-21 00:00:00",3370,3971
"2026-04-21 00:10:00",3393,
"2026-04-21 00:20:00",3406,
"2026-04-21 00:30:00",3440,
"2026-04-21 00:40:00",3467,
"2026-04-21 00:50:00",3493,
"2026-04-21 01:00:00",3520,
"2026-04-21 01:10:00",3532,
"2026-04-21 01:20:00",3537,
"2026-04-21 01:30:00",3650,
"2026-04-21 01:40:00",3655,
"2026-04-21 01:50:00",3700,
"2026-04-21 02:00:00",3777,
"2026-04-21 02:10:00",3712,
"2026-04-21 02:20:00",3667,
"2026-04-21 02:30:00",3624,
"2026-04-21 02:40:00",3592,
"2026-04-21 02:50:00",3569,
"2026-04-21 03:00:00",3536,
"2026-04-21 03:10:00",3470,
"2026-04-21 03:20:00",3445,
"2026-04-21 03:30:00",3355,
"2026-04-21 03:40:00",3302,
"2026-04-21 03:50:00",3259,
"2026-04-21 04:00:00",3246,
"2026-04-21 04:10:00",3139,
"2026-04-21 04:20:00",3059,
"2026-04-21 04:30:00",3062,
"2026-04-21 04:40:00",3062,
"2026-04-21 04:50:00",3023,
"2026-04-21 05:00:00",3001,
"2026-04-21 05:10:00",2976,
"2026-04-21 05:20:00",2947,
"2026-04-21 05:30:00",2925,
"2026-04-21 05:40:00",2867,
"2026-04-21 05:50:00",3004,
"2026-04-21 06:00:00",3001,
"2026-04-21 06:10:00",2994,
"2026-04-21 06:20:00",2903,
"2026-04-21 06:30:00",2902,
"2026-04-21 06:40:00",2876,
"2026-04-21 06:50:00",2817,
"2026-04-21 07:00:00",2822,
"2026-04-21 07:10:00",2825,
"2026-04-21 07:20:00",2845,
"2026-04-21 07:30:00",2909,
"2026-04-21 07:40:00",2898,
"2026-04-21 07:50:00",2891,
"2026-04-21 08:00:00",2895,
"2026-04-21 08:10:00",2928,
"2026-04-21 08:20:00",2949,
"2026-04-21 08:30:00",2962,
"2026-04-21 08:40:00",2976,
"2026-04-21 08:50:00",2996,
"2026-04-21 09:00:00",3035,
"2026-04-21 09:10:00",3028,
"2026-04-21 09:20:00",2998,
"2026-04-21 09:30:00",3048,
"2026-04-21 09:40:00",3087,
"2026-04-21 09:50:00",3131,
"2026-04-21 10:00:00",3140,
"2026-04-21 10:10:00",3233,
"2026-04-21 10:20:00",3288,
"2026-04-21 10:30:00",3345,
"2026-04-21 10:40:00",3397,
"2026-04-21 10:50:00",3484,
"2026-04-21 11:00:00",3553,
"2026-04-21 11:10:00",3655,
"2026-04-21 11:20:00",3702,
"2026-04-21 11:30:00",3796,
"2026-04-21 11:40:00",3895,
"2026-04-21 11:50:00",4034,
"2026-04-21 12:00:00",4098,
"2026-04-21 12:10:00",4206,
"2026-04-21 12:20:00",4312,
"2026-04-21 12:30:00",4436,
"2026-04-21 12:40:00",4495,
"2026-04-21 12:50:00",4573,
"2026-04-21 13:00:00",4675,
"2026-04-21 13:10:00",4702,
"2026-04-21 13:20:00",4786,
"2026-04-21 13:30:00",4844,
"2026-04-21 13:40:00",4891,
"2026-04-21 13:50:00",4955,
"2026-04-21 14:00:00",5022,
"2026-04-21 14:10:00",5086,
"2026-04-21 14:20:00",5143,
"2026-04-21 14:30:00",5163,
"2026-04-21 14:40:00",5190,
"2026-04-21 14:50:00",5210,
"2026-04-21 15:00:00",5184,
"2026-04-21 15:10:00",5173,
"2026-04-21 15:20:00",5174,
"2026-04-21 15:30:00",5179,
"2026-04-21 15:40:00",5207,
"2026-04-21 15:50:00",5234,
"2026-04-21 16:00:00",5250,
"2026-04-21 16:10:00",5187,
"2026-04-21 16:20:00",5173,
"2026-04-21 16:30:00",5199,
"2026-04-21 16:40:00",5213,
"2026-04-21 16:50:00",5237,
"2026-04-21 17:00:00",5173,
"2026-04-21 17:10:00",5181,
"2026-04-21 17:20:00",5203,
"2026-04-21 17:30:00",5235,
"2026-04-21 17:40:00",5286,
"2026-04-21 17:50:00",5301,
"2026-04-21 18:00:00",5288,
"2026-04-21 18:10:00",5293,
"2026-04-21 18:20:00",5328,
"2026-04-21 18:30:00",5400,
"2026-04-21 18:40:00",5362,
"2026-04-21 18:50:00",5257,
"2026-04-21 19:00:00",5139,
"2026-04-21 19:10:00",4945,
"2026-04-21 19:20:00",5129,
"2026-04-21 19:30:00",5250,
"2026-04-21 19:40:00",5194,
"2026-04-21 19:50:00",5178,
"2026-04-21 20:00:00",5127,
"2026-04-21 20:10:00",5090,
"2026-04-21 20:20:00",5021,
"2026-04-21 20:30:00",4916,
"2026-04-21 20:40:00",4823,
"2026-04-21 20:50:00",4732,
"2026-04-21 21:00:00",4640,
"2026-04-21 21:10:00",4499,
"2026-04-21 21:20:00",4396,
"2026-04-21 21:30:00",4277,
"2026-04-21 21:40:00",4196,
"2026-04-21 21:50:00",4092,
"2026-04-21 22:00:00",3931,
"2026-04-21 22:10:00",2204,
"2026-04-21 22:20:00",3630,
"2026-04-21 22:30:00",3645,
"2026-04-21 22:40:00",3628,
"2026-04-21 22:50:00",3624,
"2026-04-21 23:00:00",3614,
"2026-04-21 23:10:00",3551,
"2026-04-21 23:20:00",3475,
"2026-04-21 23:30:00",3441,
"2026-04-21 23:40:00",3401,
"2026-04-21 23:50:00",3396,
"2026-04-22 00:00:00",3409,3807
"2026-04-22 00:10:00",3368,
"2026-04-22 00:20:00",3434,
"2026-04-22 00:30:00",3465,
"2026-04-22 00:40:00",3514,
"2026-04-22 00:50:00",3527,
"2026-04-22 01:00:00",3536,
"2026-04-22 01:10:00",3525,
"2026-04-22 01:20:00",3596,
"2026-04-22 01:30:00",3646,
"2026-04-22 01:40:00",3741,
"2026-04-22 01:50:00",3717,
"2026-04-22 02:00:00",3721,
"2026-04-22 02:10:00",3606,
"2026-04-22 02:20:00",3579,
"2026-04-22 02:30:00",3603,
"2026-04-22 02:40:00",3590,
"2026-04-22 02:50:00",3554,
"2026-04-22 03:00:00",3408,
"2026-04-22 03:10:00",3326,
"2026-04-22 03:20:00",3322,
"2026-04-22 03:30:00",3336,
"2026-04-22 03:40:00",3316,
"2026-04-22 03:50:00",3233,
"2026-04-22 04:00:00",3159,
"2026-04-22 04:10:00",3089,
"2026-04-22 04:20:00",2996,
"2026-04-22 04:30:00",2952,
"2026-04-22 04:40:00",2963,
"2026-04-22 04:50:00",2933,
"2026-04-22 05:00:00",2902,
"2026-04-22 05:10:00",2859,
"2026-04-22 05:20:00",2878,
"2026-04-22 05:30:00",2859,
"2026-04-22 05:40:00",2824,
"2026-04-22 05:50:00",2818,
"2026-04-22 06:00:00",2853,
"2026-04-22 06:10:00",2828,
"2026-04-22 06:20:00",2771,
"2026-04-22 06:30:00",2757,
"2026-04-22 06:40:00",2781,
"2026-04-22 06:50:00",2795,
"2026-04-22 07:00:00",2755,
"2026-04-22 07:10:00",2747,
"2026-04-22 07:20:00",2745,
"2026-04-22 07:30:00",2757,
"2026-04-22 07:40:00",2741,
"2026-04-22 07:50:00",2774,
"2026-04-22 08:00:00",2791,
"2026-04-22 08:10:00",2781,
"2026-04-22 08:20:00",2785,
"2026-04-22 08:30:00",2799,
"2026-04-22 08:40:00",2809,
"2026-04-22 08:50:00",2856,
"2026-04-22 09:00:00",2873,
"2026-04-22 09:10:00",2919,
"2026-04-22 09:20:00",2914,
"2026-04-22 09:30:00",2981,
"2026-04-22 09:40:00",2996,
"2026-04-22 09:50:00",3025,
"2026-04-22 10:00:00",3051,
"2026-04-22 10:10:00",3103,
"2026-04-22 10:20:00",3141,
"2026-04-22 10:30:00",3205,
"2026-04-22 10:40:00",3227,
"2026-04-22 10:50:00",3284,
"2026-04-22 11:00:00",3325,
"2026-04-22 11:10:00",3356,
"2026-04-22 11:20:00",3418,
"2026-04-22 11:30:00",3548,
"2026-04-22 11:40:00",3667,
"2026-04-22 11:50:00",3681,
"2026-04-22 12:00:00",3723,
"2026-04-22 12:10:00",3832,
"2026-04-22 12:20:00",3972,
"2026-04-22 12:30:00",4043,
"2026-04-22 12:40:00",4131,
"2026-04-22 12:50:00",4244,
"2026-04-22 13:00:00",4380,
"2026-04-22 13:10:00",4401,
"2026-04-22 13:20:00",4472,
"2026-04-22 13:30:00",4556,
"2026-04-22 13:40:00",4630,
"2026-04-22 13:50:00",4690,
"2026-04-22 14:00:00",4705,
"2026-04-22 14:10:00",4747,
"2026-04-22 14:20:00",4758,
"2026-04-22 14:30:00",4783,
"2026-04-22 14:40:00",4822,
"2026-04-22 14:50:00",4809,
"2026-04-22 15:00:00",4805,
"2026-04-22 15:10:00",4855,
"2026-04-22 15:20:00",4855,
"2026-04-22 15:30:00",4840,
"2026-04-22 15:40:00",4892,
"2026-04-22 15:50:00",5048,
"2026-04-22 16:00:00",5003,
"2026-04-22 16:10:00",5046,
"2026-04-22 16:20:00",5074,
"2026-04-22 16:30:00",5156,
"2026-04-22 16:40:00",5143,
"2026-04-22 16:50:00",5125,
"2026-04-22 17:00:00",5002,
"2026-04-22 17:10:00",5019,
"2026-04-22 17:20:00",5041,
"2026-04-22 17:30:00",5054,
"2026-04-22 17:40:00",5016,
"2026-04-22 17:50:00",5075,
"2026-04-22 18:00:00",5081,
"2026-04-22 18:10:00",5048,
"2026-04-22 18:20:00",5044,
"2026-04-22 18:30:00",5051,
"2026-04-22 18:40:00",5041,
"2026-04-22 18:50:00",5036,
"2026-04-22 19:00:00",5047,
"2026-04-22 19:10:00",5001,
"2026-04-22 19:20:00",4997,
"2026-04-22 19:30:00",5000,
"2026-04-22 19:40:00",4960,
"2026-04-22 19:50:00",4909,
"2026-04-22 20:00:00",4897,
"2026-04-22 20:10:00",4832,
"2026-04-22 20:20:00",4686,
"2026-04-22 20:30:00",4569,
"2026-04-22 20:40:00",4493,
"2026-04-22 20:50:00",4400,
"2026-04-22 21:00:00",4312,
"2026-04-22 21:10:00",4204,
"2026-04-22 21:20:00",4105,
"2026-04-22 21:30:00",3956,
"2026-04-22 21:40:00",3875,
"2026-04-22 21:50:00",3766,
"2026-04-22 22:00:00",3682,
"2026-04-22 22:10:00",3624,
"2026-04-22 22:20:00",3520,
"2026-04-22 22:30:00",3434,
"2026-04-22 22:40:00",3425,
"2026-04-22 22:50:00",3401,
"2026-04-22 23:00:00",3398,
"2026-04-22 23:10:00",3297,
"2026-04-22 23:20:00",3290,
"2026-04-22 23:30:00",3330,
"2026-04-22 23:40:00",3330,
"2026-04-22 23:50:00",3331,
"2026-04-23 00:00:00",3331,3917
"2026-04-23 00:10:00",3335,
"2026-04-23 00:20:00",3321,
"2026-04-23 00:30:00",3376,
"2026-04-23 00:40:00",3385,
"2026-04-23 00:50:00",3428,
"2026-04-23 01:00:00",3471,3908
"2026-04-23 01:10:00",3465,
"2026-04-23 01:20:00",3486,
"2026-04-23 01:30:00",3474,
"2026-04-23 01:40:00",3520,
"2026-04-23 01:50:00",3512,
"2026-04-23 02:00:00",3486,3899
"2026-04-23 02:10:00",3471,
"2026-04-23 02:20:00",3470,
"2026-04-23 02:30:00",3482,
"2026-04-23 02:40:00",3476,
"2026-04-23 02:50:00",3450,
"2026-04-23 03:00:00",3474,3902
"2026-04-23 03:10:00",3437,
"2026-04-23 03:20:00",3407,
"2026-04-23 03:30:00",3353,
"2026-04-23 03:40:00",3281,
"2026-04-23 03:50:00",3223,
"2026-04-23 04:00:00",3149,3903
"2026-04-23 04:10:00",3062,
"2026-04-23 04:20:00",3025,
"2026-04-23 04:30:00",2976,
"2026-04-23 04:40:00",2947,
"2026-04-23 04:50:00",2937,
"2026-04-23 05:00:00",2900,3904
"2026-04-23 05:10:00",2857,
"2026-04-23 05:20:00",2848,
"2026-04-23 05:30:00",2799,
"2026-04-23 05:40:00",2778,
"2026-04-23 05:50:00",2756,
"2026-04-23 06:00:00",2698,3902
"2026-04-23 06:10:00",2732,
"2026-04-23 06:20:00",2737,
"2026-04-23 06:30:00",2770,
"2026-04-23 06:40:00",2773,
"2026-04-23 06:50:00",2742,
"2026-04-23 07:00:00",2743,3903
"2026-04-23 07:10:00",2724,
"2026-04-23 07:20:00",2715,
"2026-04-23 07:30:00",2738,
"2026-04-23 07:40:00",2750,
"2026-04-23 07:50:00",2760,
"2026-04-23 08:00:00",2779,3906
"2026-04-23 08:10:00",2778,
"2026-04-23 08:20:00",2817,
"2026-04-23 08:30:00",2827,
"2026-04-23 08:40:00",2874,
"2026-04-23 08:50:00",2899,
"2026-04-23 09:00:00",2911,3909
"2026-04-23 09:10:00",2864,
"2026-04-23 09:20:00",2899,
"2026-04-23 09:30:00",2965,
"2026-04-23 09:40:00",3013,
"2026-04-23 09:50:00",3058,
"2026-04-23 10:00:00",3150,3904
"2026-04-23 10:10:00",3137,3904